invoice_id,flagged,error_category,expected_total_cents,billed_total_cents,confidence
INV-H3-000001,0,,3642525,3642525,0.7
INV-H3-000002,0,,2908235,2908235,0.7
INV-H3-000003,0,,4009560,4009560,0.7
INV-H3-000004,0,,4056505,4056505,0.7
INV-H3-000005,0,,5863300,5863300,0.7
INV-H3-000006,1,invoice_total_mismatch,5833766,5808766,0.99
INV-H3-000007,0,,3985625,3985625,0.7
INV-H3-000008,0,,1529125,1529125,0.7
INV-H3-000009,0,,1121650,1121650,0.7
INV-H3-000010,0,,3488955,3488955,0.7
INV-H3-000011,0,,2481031,2481031,0.7
INV-H3-000012,0,,2163625,2163625,0.7
INV-H3-000013,0,,1213100,1213100,0.7
INV-H3-000014,0,,3412575,3412575,0.7
INV-H3-000015,0,,1980335,1980335,0.7
INV-H3-000016,0,,4289481,4289481,0.7
INV-H3-000017,1,malformed_service_date,4700676,4700676,0.99
INV-H3-000018,0,,4492825,4492825,0.7
INV-H3-000019,0,,3964925,3964925,0.7
INV-H3-000020,0,,2359575,2359575,0.7
INV-H3-000021,1,contract_number_mismatch|contract_rate_mismatch|duplicate_invoice_id,2723755,2736005,0.99
INV-H3-000022,0,,1865125,1865125,0.7
INV-H3-000023,0,,4068300,4068300,0.7
INV-H3-000024,0,,2590825,2590825,0.7
INV-H3-000025,0,,3343645,3343645,0.7
INV-H3-000026,0,,3983224,3983224,0.7
INV-H3-000027,0,,1902412,1902412,0.7
INV-H3-000028,0,,1207741,1207741,0.7
INV-H3-000029,1,contract_rate_mismatch|wrong_unit_basis,794425,801990,0.95
INV-H3-000030,0,,2292535,2292535,0.7
INV-H3-000031,0,,2697916,2697916,0.7
INV-H3-000032,0,,3046405,3046405,0.7
INV-H3-000033,0,,2979500,2979500,0.7
INV-H3-000034,0,,2352800,2352800,0.7
INV-H3-000035,0,,3007590,3007590,0.7
INV-H3-000036,0,,3181885,3181885,0.7
INV-H3-000037,0,,1593850,1593850,0.7
INV-H3-000038,1,invoice_total_mismatch,3575097,3550097,0.99
INV-H3-000039,0,,1622500,1622500,0.7
INV-H3-000040,0,,1165154,1165154,0.7
INV-H3-000041,0,,2802550,2802550,0.7
INV-H3-000042,0,,2193035,2193035,0.7
INV-H3-000043,0,,720875,720875,0.7
INV-H3-000044,0,,5049850,5049850,0.7
INV-H3-000045,0,,2978630,2978630,0.7
INV-H3-000046,0,,1238675,1238675,0.7
INV-H3-000047,0,,2054775,2054775,0.7
INV-H3-000048,0,,2452592,2452592,0.7
INV-H3-000049,0,,771475,771475,0.7
INV-H3-000050,0,,3788788,3788788,0.7
INV-H3-000051,0,,4306608,4306608,0.7
INV-H3-000052,1,exclusion_window_violation,4369985,4375660,0.95
INV-H3-000053,0,,2824325,2824325,0.7
INV-H3-000054,0,,2050950,2050950,0.7
INV-H3-000055,0,,1356475,1356475,0.7
INV-H3-000056,0,,2316310,2316310,0.7
INV-H3-000057,0,,2522185,2522185,0.7
INV-H3-000058,0,,3176856,3176856,0.7
INV-H3-000059,0,,4533925,4533925,0.7
INV-H3-000060,0,,2186260,2186260,0.7
INV-H3-000061,1,contract_rate_mismatch|volume_discount_mismatch,6387950,6342830,0.95
INV-H3-000062,0,,2046525,2046525,0.7
INV-H3-000063,0,,1608750,1608750,0.7
INV-H3-000064,1,contract_rate_mismatch|malformed_service_date,1534875,1413981,0.99
INV-H3-000065,0,,4144800,4144800,0.7
INV-H3-000066,1,contract_rate_mismatch|premium_or_uplift_mismatch,1574935,1563198,0.95
INV-H3-000067,1,contract_rate_mismatch|daily_cap_exceeded,2118775,2127583,0.95
INV-H3-000068,0,,3582177,3582177,0.7
INV-H3-000069,0,,1948889,1948889,0.7
INV-H3-000070,0,,5801500,5801500,0.7
INV-H3-000072,0,,2149805,2149805,0.7
INV-H3-000073,0,,5710575,5710575,0.7
INV-H3-000074,0,,2059630,2059630,0.7
INV-H3-000075,0,,1177124,1177124,0.7
INV-H3-000076,0,,2139789,2139789,0.7
INV-H3-000077,0,,2827872,2827872,0.7
INV-H3-000078,0,,4439952,4439952,0.7
INV-H3-000079,0,,2659250,2659250,0.7
INV-H3-000080,0,,3198350,3198350,0.7
INV-H3-000081,0,,2271606,2271606,0.7
INV-H3-000082,0,,5772667,5772667,0.7
INV-H3-000083,0,,3575616,3575616,0.7
INV-H3-000084,0,,4270818,4270818,0.7
INV-H3-000085,1,contract_rate_mismatch|duplicate_invoice_id|invoice_total_mismatch,1373975,1367319,0.99
INV-H3-000086,1,contract_rate_mismatch,1381375,1361098,0.95
INV-H3-000087,0,,3266259,3266259,0.7
INV-H3-000088,0,,4111813,4111813,0.7
INV-H3-000089,0,,4265609,4265609,0.7
INV-H3-000090,0,,1808731,1808731,0.7
INV-H3-000091,0,,3303970,3303970,0.7
INV-H3-000092,1,contract_rate_mismatch,1006889,925781,0.95
INV-H3-000093,1,daily_cap_exceeded|line_total_arithmetic|unknown_service,5276581,6133006,0.99
INV-H3-000094,0,,2092468,2092468,0.7
INV-H3-000095,0,,2789037,2789037,0.7
INV-H3-000096,0,,4412053,4412053,0.7
INV-H3-000097,0,,1000564,1000564,0.7
INV-H3-000098,0,,2735414,2735414,0.7
INV-H3-000099,0,,2625691,2625691,0.7
INV-H3-000100,0,,2109675,2109675,0.7
INV-H3-000102,0,,5255671,5255671,0.7
INV-H3-000103,0,,2296594,2296594,0.7
INV-H3-000104,0,,4911160,4911160,0.7
INV-H3-000105,0,,1192953,1192953,0.7
INV-H3-000106,0,,2634361,2634361,0.7
INV-H3-000107,0,,2584378,2584378,0.7
INV-H3-000108,0,,4367322,4367322,0.7
INV-H3-000109,0,,5408087,5408087,0.7
INV-H3-000110,0,,1684768,1684768,0.7
INV-H3-000111,0,,2383875,2383875,0.7
INV-H3-000112,0,,1742398,1742398,0.7
INV-H3-000113,0,,5731381,5731381,0.7
INV-H3-000114,0,,1192814,1192814,0.7
INV-H3-000115,0,,2667417,2667417,0.7
INV-H3-000116,0,,4073539,4073539,0.7
INV-H3-000117,0,,1089825,1089825,0.7
INV-H3-000118,0,,1748994,1748994,0.7
INV-H3-000119,0,,3946345,3946345,0.7
INV-H3-000120,0,,2310243,2310243,0.7
INV-H3-000121,0,,3402473,3402473,0.7
INV-H3-000122,0,,5179244,5179244,0.7
INV-H3-000123,0,,2039450,2039450,0.7
INV-H3-000124,0,,4141162,4141162,0.7
INV-H3-000125,0,,2340795,2340795,0.7
INV-H3-000126,1,unknown_service,5640439,5640439,0.75
INV-H3-000127,0,,5644242,5644242,0.7
INV-H3-000128,1,contract_number_mismatch,881729,881729,0.99
INV-H3-000129,0,,4240496,4240496,0.7
INV-H3-000130,0,,1372600,1372600,0.7
INV-H3-000131,0,,2896247,2896247,0.7
INV-H3-000132,0,,2052490,2052490,0.7
INV-H3-000133,0,,1012000,1012000,0.7
INV-H3-000134,0,,2953243,2953243,0.7
INV-H3-000135,0,,1778600,1778600,0.7
INV-H3-000136,0,,4579968,4579968,0.7
INV-H3-000137,0,,4394713,4394713,0.7
INV-H3-000138,0,,4478817,4478817,0.7
INV-H3-000139,0,,2278850,2278850,0.7
INV-H3-000140,1,contract_rate_mismatch|invoice_total_mismatch|service_date_out_of_window|service_not_contracted_on_date|volume_discount_mismatch,1451269,1739448,0.99
INV-H3-000141,0,,3488845,3488845,0.7
INV-H3-000142,0,,3506118,3506118,0.7
INV-H3-000143,0,,5464650,5464650,0.7
INV-H3-000144,0,,3387332,3387332,0.7
INV-H3-000145,0,,678827,678827,0.7
INV-H3-000146,0,,1562883,1562883,0.7
INV-H3-000147,0,,5040665,5040665,0.7
INV-H3-000148,1,contract_number_mismatch|duplicate_invoice_id,1367695,1367695,0.99
INV-H3-000149,0,,2077987,2077987,0.7
INV-H3-000150,0,,2849287,2849287,0.7
INV-H3-000151,0,,3755802,3755802,0.7
INV-H3-000152,0,,2359561,2359561,0.7
INV-H3-000153,0,,267839,267839,0.7
INV-H3-000154,0,,1491125,1491125,0.7
INV-H3-000155,0,,3687556,3687556,0.7
INV-H3-000156,0,,4073409,4073409,0.7
INV-H3-000157,0,,6489494,6489494,0.7
INV-H3-000158,0,,4430967,4430967,0.7
INV-H3-000159,1,contract_rate_mismatch|volume_discount_mismatch,5739941,5737941,0.95
INV-H3-000160,0,,3567475,3567475,0.7
INV-H3-000161,0,,2090866,2090866,0.7
INV-H3-000162,0,,715835,715835,0.7
INV-H3-000163,0,,1920810,1920810,0.7
INV-H3-000164,0,,3537602,3537602,0.7
INV-H3-000165,0,,2458930,2458930,0.7
INV-H3-000166,0,,667075,667075,0.7
INV-H3-000167,0,,3634942,3634942,0.7
INV-H3-000168,0,,3306363,3306363,0.7
INV-H3-000169,0,,1786082,1786082,0.7
INV-H3-000170,0,,2347891,2347891,0.7
INV-H3-000171,0,,3861805,3861805,0.7
INV-H3-000172,0,,3824234,3824234,0.7
INV-H3-000173,0,,2611235,2611235,0.7
INV-H3-000174,0,,1545170,1545170,0.7
INV-H3-000175,0,,2449375,2449375,0.7
INV-H3-000176,0,,1326312,1326312,0.7
INV-H3-000177,0,,1316762,1316762,0.7
INV-H3-000178,0,,1664920,1664920,0.7
INV-H3-000179,0,,1627201,1627201,0.7
INV-H3-000180,0,,2072229,2072229,0.7
INV-H3-000181,0,,4635942,4635942,0.7
INV-H3-000182,0,,2506010,2506010,0.7
INV-H3-000183,1,unknown_service,1069831,1069831,0.75
INV-H3-000184,0,,2893431,2893431,0.7
INV-H3-000185,0,,4468402,4468402,0.7
INV-H3-000186,0,,1192225,1192225,0.7
INV-H3-000187,0,,4406200,4406200,0.7
INV-H3-000188,0,,2658062,2658062,0.7
INV-H3-000189,0,,1668701,1668701,0.7
INV-H3-000190,0,,1781390,1781390,0.7
INV-H3-000191,0,,1130450,1130450,0.7
INV-H3-000192,0,,895350,895350,0.7
INV-H3-000193,0,,860651,860651,0.7
INV-H3-000194,0,,2276804,2276804,0.7
INV-H3-000195,0,,5677016,5677016,0.7
INV-H3-000196,0,,3350736,3350736,0.7
INV-H3-000197,0,,3991765,3991765,0.7
INV-H3-000198,0,,4266496,4266496,0.7
INV-H3-000199,0,,3188609,3188609,0.7
INV-H3-000200,0,,3939560,3939560,0.7
INV-H3-000201,0,,3392518,3392518,0.7
INV-H3-000202,0,,4554734,4554734,0.7
INV-H3-000203,0,,4626878,4626878,0.7
INV-H3-000204,0,,4962801,4962801,0.7
INV-H3-000205,0,,4071739,4071739,0.7
INV-H3-000206,0,,967030,967030,0.7
INV-H3-000207,0,,3464947,3464947,0.7
INV-H3-000208,0,,2132220,2132220,0.7
INV-H3-000209,0,,2664782,2664782,0.7
INV-H3-000210,0,,6902928,6902928,0.7
INV-H3-000211,0,,1435800,1435800,0.7
INV-H3-000212,0,,3418255,3418255,0.7
INV-H3-000213,0,,1888375,1888375,0.7
INV-H3-000214,0,,1904090,1904090,0.7
INV-H3-000215,0,,2252954,2252954,0.7
INV-H3-000216,0,,517255,517255,0.7
INV-H3-000217,0,,2821690,2821690,0.7
INV-H3-000218,0,,4377877,4377877,0.7
INV-H3-000219,0,,4121103,4121103,0.7
INV-H3-000220,0,,1382975,1382975,0.7
INV-H3-000221,1,contract_rate_mismatch|service_date_after_invoice_date|volume_discount_mismatch,2780850,2882235,0.99
INV-H3-000222,0,,1062375,1062375,0.7
INV-H3-000223,0,,2978097,2978097,0.7
INV-H3-000224,0,,1243799,1243799,0.7
INV-H3-000225,0,,990660,990660,0.7
INV-H3-000226,1,contract_rate_mismatch|premium_or_uplift_mismatch,2742187,2782237,0.95
INV-H3-000227,0,,4352271,4352271,0.7
INV-H3-000228,0,,3318527,3318527,0.7
INV-H3-000229,0,,4267784,4267784,0.7
INV-H3-000230,0,,4647480,4647480,0.7
INV-H3-000231,0,,4454522,4454522,0.7
INV-H3-000232,0,,2474922,2474922,0.7
INV-H3-000233,0,,2454675,2454675,0.7
INV-H3-000234,0,,1394090,1394090,0.7
INV-H3-000235,0,,1007120,1007120,0.7
INV-H3-000236,1,daily_cap_exceeded,2423035,3145160,0.95
INV-H3-000237,0,,2095800,2095800,0.7
INV-H3-000238,0,,2090769,2090769,0.7
INV-H3-000239,0,,2210402,2210402,0.7
INV-H3-000240,0,,3109331,3109331,0.7
INV-H3-000241,0,,2422456,2422456,0.7
INV-H3-000242,0,,1954782,1954782,0.7
INV-H3-000243,0,,2866363,2866363,0.7
INV-H3-000244,0,,1227080,1227080,0.7
INV-H3-000245,0,,967183,967183,0.7
INV-H3-000246,0,,2031615,2031615,0.7
INV-H3-000247,0,,2467420,2467420,0.7
INV-H3-000248,0,,3758220,3758220,0.7
INV-H3-000249,0,,3239761,3239761,0.7
INV-H3-000250,1,contract_rate_mismatch|volume_discount_mismatch,2421297,2330052,0.95
INV-H3-000251,1,contract_rate_mismatch|volume_discount_mismatch,1372839,1281594,0.95
INV-H3-000252,0,,2668032,2668032,0.7
INV-H3-000253,1,contract_rate_mismatch,3120410,3078925,0.95
INV-H3-000254,0,,4473568,4473568,0.7
INV-H3-000255,0,,1758575,1758575,0.7
INV-H3-000256,0,,3038692,3038692,0.7
INV-H3-000257,0,,2063175,2063175,0.7
INV-H3-000258,0,,775102,775102,0.7
INV-H3-000259,0,,2849928,2849928,0.7
INV-H3-000260,0,,1972756,1972756,0.7
INV-H3-000261,1,contract_rate_mismatch|volume_discount_mismatch,2201588,2140758,0.95
INV-H3-000262,1,contract_rate_mismatch,4772051,4801913,0.95
INV-H3-000263,0,,1293748,1293748,0.7
INV-H3-000264,0,,3302277,3302277,0.7
INV-H3-000265,0,,3208663,3208663,0.7
INV-H3-000266,0,,5056653,5056653,0.7
INV-H3-000267,0,,1268756,1268756,0.7
INV-H3-000268,0,,1055840,1055840,0.7
INV-H3-000269,0,,1423991,1423991,0.7
INV-H3-000270,0,,1420122,1420122,0.7
INV-H3-000271,0,,3940067,3940067,0.7
INV-H3-000272,0,,972608,972608,0.7
INV-H3-000273,0,,4077755,4077755,0.7
INV-H3-000274,0,,2246868,2246868,0.7
INV-H3-000275,0,,2336290,2336290,0.7
INV-H3-000276,0,,2575410,2575410,0.7
INV-H3-000277,1,cross_invoice_duplicate|service_date_after_invoice_date|wrong_unit_basis,2641847,2833247,0.99
INV-H3-000278,0,,4185298,4185298,0.7
INV-H3-000279,0,,2675759,2675759,0.7
INV-H3-000280,0,,1482837,1482837,0.7
INV-H3-000281,0,,2087514,2087514,0.7
INV-H3-000282,0,,1465854,1465854,0.7
INV-H3-000283,1,bundle_rate_mismatch|contract_rate_mismatch,3697860,4428835,0.95
INV-H3-000284,1,line_total_arithmetic|unknown_service|wrong_unit_basis,4985090,4960090,0.99
INV-H3-000285,0,,3738460,3738460,0.7
INV-H3-000286,0,,2583800,2583800,0.7
INV-H3-000287,0,,2856585,2856585,0.7
INV-H3-000288,0,,1668069,1668069,0.7
INV-H3-000289,0,,2079560,2079560,0.7
INV-H3-000290,0,,1305288,1305288,0.7
INV-H3-000291,0,,3600303,3600303,0.7
INV-H3-000292,0,,3120806,3120806,0.7
INV-H3-000293,0,,5029915,5029915,0.7
INV-H3-000294,0,,1846274,1846274,0.7
INV-H3-000295,0,,3321134,3321134,0.7
INV-H3-000296,0,,875377,875377,0.7
INV-H3-000297,0,,4008253,4008253,0.7
INV-H3-000298,0,,1280597,1280597,0.7
INV-H3-000299,0,,4663843,4663843,0.7
INV-H3-000300,0,,2366504,2366504,0.7
INV-H3-000301,0,,584765,584765,0.7
INV-H3-000302,0,,2851784,2851784,0.7
INV-H3-000303,0,,2398761,2398761,0.7
INV-H3-000304,0,,2254728,2254728,0.7
INV-H3-000305,0,,5369852,5369852,0.7
INV-H3-000306,0,,2291309,2291309,0.7
INV-H3-000307,0,,2979876,2979876,0.7
INV-H3-000308,0,,5674337,5674337,0.7
INV-H3-000309,0,,1255941,1255941,0.7
INV-H3-000310,0,,3579397,3579397,0.7
INV-H3-000311,0,,2669817,2669817,0.7
INV-H3-000312,0,,2120285,2120285,0.7
INV-H3-000313,0,,1656090,1656090,0.7
INV-H3-000314,0,,2584085,2584085,0.7
INV-H3-000315,0,,2808637,2808637,0.7
INV-H3-000316,0,,2965511,2965511,0.7
INV-H3-000317,0,,1409111,1409111,0.7
INV-H3-000318,0,,2002531,2002531,0.7
INV-H3-000319,0,,1994444,1994444,0.7
INV-H3-000320,0,,3519298,3519298,0.7
INV-H3-000321,0,,809375,809375,0.7
INV-H3-000322,0,,4460091,4460091,0.7
INV-H3-000323,0,,4914608,4914608,0.7
INV-H3-000324,1,bundle_rate_mismatch|contract_number_mismatch|contract_rate_mismatch|duplicate_invoice_id,1177521,1266846,0.99
INV-H3-000325,0,,4438825,4438825,0.7
INV-H3-000326,0,,1176004,1176004,0.7
INV-H3-000327,0,,2881395,2881395,0.7
INV-H3-000328,0,,3115283,3115283,0.7
INV-H3-000329,0,,5813300,5813300,0.7
INV-H3-000330,0,,3100873,3100873,0.7
INV-H3-000331,0,,2407428,2407428,0.7
INV-H3-000332,1,contract_rate_mismatch|malformed_service_date|premium_or_uplift_mismatch,4883960,4925293,0.99
INV-H3-000333,0,,1677524,1677524,0.7
INV-H3-000334,1,contract_rate_mismatch|duplicate_invoice_id|malformed_service_date|premium_or_uplift_mismatch,3417233,3368965,0.99
INV-H3-000335,0,,3284145,3284145,0.7
INV-H3-000336,0,,4078379,4078379,0.7
INV-H3-000337,0,,1678515,1678515,0.7
INV-H3-000338,0,,3561443,3561443,0.7
INV-H3-000339,0,,914300,914300,0.7
INV-H3-000340,1,contract_number_mismatch,3870957,3870957,0.99
INV-H3-000341,0,,1351390,1351390,0.7
INV-H3-000342,0,,3544012,3544012,0.7
INV-H3-000343,0,,5494992,5494992,0.7
INV-H3-000344,1,contract_rate_mismatch,3052251,3057951,0.95
INV-H3-000346,0,,2421974,2421974,0.7
INV-H3-000347,1,contract_rate_mismatch|daily_cap_exceeded|wrong_unit_basis,1769483,1822098,0.95
INV-H3-000348,0,,1258643,1258643,0.7
INV-H3-000349,0,,3318030,3318030,0.7
INV-H3-000350,0,,3643337,3643337,0.7
INV-H3-000351,1,malformed_service_date,940257,940257,0.99
INV-H3-000352,1,duplicate_invoice_id,1962471,1962471,0.99
INV-H3-000353,0,,3005067,3005067,0.7
INV-H3-000354,0,,1327549,1327549,0.7
INV-H3-000355,0,,2542679,2542679,0.7
INV-H3-000356,0,,893175,893175,0.7
INV-H3-000357,0,,724170,724170,0.7
INV-H3-000358,0,,2515793,2515793,0.7
INV-H3-000359,0,,1321233,1321233,0.7
INV-H3-000360,0,,1872785,1872785,0.7
INV-H3-000361,0,,680391,680391,0.7
INV-H3-000362,0,,2478315,2478315,0.7
INV-H3-000363,0,,2021865,2021865,0.7
INV-H3-000364,0,,717492,717492,0.7
INV-H3-000365,0,,2076880,2076880,0.7
INV-H3-000366,0,,1721197,1721197,0.7
INV-H3-000367,1,wrong_unit_basis,1226552,1226552,0.95
INV-H3-000368,0,,2454243,2454243,0.7
INV-H3-000369,0,,987804,987804,0.7
INV-H3-000370,0,,1644625,1644625,0.7
INV-H3-000371,1,line_total_arithmetic|service_date_after_invoice_date|service_date_out_of_window|wrong_unit_basis,657680,757680,0.99
INV-H3-000372,0,,3705794,3705794,0.7
INV-H3-000373,0,,2974080,2974080,0.7
INV-H3-000374,0,,2207638,2207638,0.7
INV-H3-000375,1,contract_rate_mismatch|line_total_arithmetic,3684997,3934697,0.99
INV-H3-000376,0,,2699524,2699524,0.7
INV-H3-000377,0,,1450513,1450513,0.7
INV-H3-000378,0,,695900,695900,0.7
INV-H3-000379,0,,3426839,3426839,0.7
INV-H3-000380,0,,2527400,2527400,0.7
INV-H3-000381,1,bundle_rate_mismatch|contract_rate_mismatch|duplicate_invoice_id,1794275,1876500,0.99
INV-H3-000382,0,,2422535,2422535,0.7
INV-H3-000383,0,,1443865,1443865,0.7
INV-H3-000384,0,,1841225,1841225,0.7
INV-H3-000385,0,,1162656,1162656,0.7
INV-H3-000386,0,,3538584,3538584,0.7
INV-H3-000387,0,,1167943,1167943,0.7
INV-H3-000388,0,,1485550,1485550,0.7
INV-H3-000389,0,,2820751,2820751,0.7
INV-H3-000390,0,,3011640,3011640,0.7
INV-H3-000391,0,,2317653,2317653,0.7
INV-H3-000392,0,,6412428,6412428,0.7
INV-H3-000393,0,,1479500,1479500,0.7
INV-H3-000394,1,contract_rate_mismatch|volume_discount_mismatch,1386377,1354133,0.95
INV-H3-000395,0,,4059927,4059927,0.7
INV-H3-000396,0,,4882503,4882503,0.7
INV-H3-000397,0,,1053916,1053916,0.7
INV-H3-000398,0,,4307147,4307147,0.7
INV-H3-000399,0,,2061652,2061652,0.7
INV-H3-000400,1,contract_rate_mismatch|volume_discount_mismatch,2288128,2273634,0.95
INV-H3-000401,0,,2289619,2289619,0.7
INV-H3-000402,0,,1030376,1030376,0.7
INV-H3-000403,0,,1723380,1723380,0.7
INV-H3-000404,0,,2432324,2432324,0.7
INV-H3-000405,0,,2754465,2754465,0.7
INV-H3-000406,0,,1330794,1330794,0.7
INV-H3-000407,1,contract_rate_mismatch|volume_discount_mismatch,1694882,1651890,0.95
INV-H3-000408,0,,3571126,3571126,0.7
INV-H3-000409,0,,847213,847213,0.7
INV-H3-000410,0,,2640415,2640415,0.7
INV-H3-000411,0,,2285301,2285301,0.7
INV-H3-000412,1,contract_rate_mismatch|volume_discount_mismatch,3443783,3431121,0.95
INV-H3-000413,1,contract_rate_mismatch|volume_discount_mismatch,1642244,1623251,0.95
INV-H3-000414,0,,2582215,2582215,0.7
INV-H3-000415,1,contract_rate_mismatch|volume_discount_mismatch,2328722,2317974,0.95
INV-H3-000416,1,contract_rate_mismatch|volume_discount_mismatch,3513792,3501130,0.95
INV-H3-000417,0,,3108901,3108901,0.7
INV-H3-000418,0,,2477993,2477993,0.7
INV-H3-000419,0,,4102600,4102600,0.7
INV-H3-000420,0,,3515258,3515258,0.7
INV-H3-000421,1,contract_rate_mismatch|volume_discount_mismatch,4457742,4445080,0.95
INV-H3-000422,0,,2027914,2027914,0.7
INV-H3-000423,0,,5380751,5380751,0.7
INV-H3-000424,0,,1658950,1658950,0.7
INV-H3-000425,1,wrong_unit_basis,2704525,2704525,0.95
INV-H3-000426,0,,3195393,3195393,0.7
INV-H3-000427,1,contract_rate_mismatch|daily_cap_exceeded|premium_or_uplift_mismatch,3452004,3691222,0.95
INV-H3-000428,0,,4079374,4079374,0.7
INV-H3-000429,0,,1635812,1635812,0.7
INV-H3-000430,0,,5691368,5691368,0.7
INV-H3-000431,0,,2216726,2216726,0.7
INV-H3-000432,0,,3930653,3930653,0.7
INV-H3-000433,0,,3852667,3852667,0.7
INV-H3-000434,0,,2688649,2688649,0.7
INV-H3-000435,0,,4711705,4711705,0.7
INV-H3-000436,0,,2701125,2701125,0.7
INV-H3-000437,0,,2947453,2947453,0.7
INV-H3-000438,0,,1846603,1846603,0.7
INV-H3-000439,0,,3044934,3044934,0.7
INV-H3-000440,0,,1837069,1837069,0.7
INV-H3-000441,0,,1325956,1325956,0.7
INV-H3-000442,0,,3988025,3988025,0.7
INV-H3-000443,0,,4655612,4655612,0.7
INV-H3-000445,0,,1187550,1187550,0.7
INV-H3-000446,0,,3993475,3993475,0.7
INV-H3-000447,0,,972204,972204,0.7
INV-H3-000448,0,,4355694,4355694,0.7
INV-H3-000449,0,,1622474,1622474,0.7
INV-H3-000450,1,contract_rate_mismatch|premium_or_uplift_mismatch,4030026,4008686,0.95
INV-H3-000452,0,,3479088,3479088,0.7
INV-H3-000453,0,,4896846,4896846,0.7
INV-H3-000454,0,,1592850,1592850,0.7
INV-H3-000455,0,,4208045,4208045,0.7
INV-H3-000456,0,,3707091,3707091,0.7
INV-H3-000457,0,,4279312,4279312,0.7
INV-H3-000458,0,,2222984,2222984,0.7
INV-H3-000459,0,,1317500,1317500,0.7
INV-H3-000460,0,,3160198,3160198,0.7
INV-H3-000461,0,,5519752,5519752,0.7
INV-H3-000462,0,,1439683,1439683,0.7
INV-H3-000463,0,,3219053,3219053,0.7
INV-H3-000464,0,,3751201,3751201,0.7
INV-H3-000465,0,,4251715,4251715,0.7
INV-H3-000466,0,,2459354,2459354,0.7
INV-H3-000467,0,,1703992,1703992,0.7
INV-H3-000468,0,,5886647,5886647,0.7
INV-H3-000469,0,,1587110,1587110,0.7
INV-H3-000470,0,,1300815,1300815,0.7
INV-H3-000471,0,,4089865,4089865,0.7
INV-H3-000472,0,,5596705,5596705,0.7
INV-H3-000473,0,,3656652,3656652,0.7
INV-H3-000474,0,,2078701,2078701,0.7
INV-H3-000475,0,,2980293,2980293,0.7
INV-H3-000476,0,,3087010,3087010,0.7
INV-H3-000477,0,,2486155,2486155,0.7
INV-H3-000478,0,,1588911,1588911,0.7
INV-H3-000479,0,,2825081,2825081,0.7
INV-H3-000480,0,,1405764,1405764,0.7
INV-H3-000481,0,,3132194,3132194,0.7
INV-H3-000482,0,,5256564,5256564,0.7
INV-H3-000483,0,,3628363,3628363,0.7
INV-H3-000484,0,,2857716,2857716,0.7
INV-H3-000485,0,,3810575,3810575,0.7
INV-H3-000486,0,,3549214,3549214,0.7
INV-H3-000487,0,,1542510,1542510,0.7
INV-H3-000488,0,,1587190,1587190,0.7
INV-H3-000489,0,,4410294,4410294,0.7
INV-H3-000490,0,,4635311,4635311,0.7
INV-H3-000491,0,,3031146,3031146,0.7
INV-H3-000492,0,,3939718,3939718,0.7
INV-H3-000493,0,,2162917,2162917,0.7
INV-H3-000494,0,,4625479,4625479,0.7
INV-H3-000495,0,,4155233,4155233,0.7
INV-H3-000496,0,,1460292,1460292,0.7
INV-H3-000497,0,,3787432,3787432,0.7
INV-H3-000498,0,,746800,746800,0.7
INV-H3-000499,0,,2510715,2510715,0.7
INV-H3-000500,0,,1543999,1543999,0.7
INV-H3-000501,0,,4838595,4838595,0.7
INV-H3-000502,0,,2890857,2890857,0.7
INV-H3-000503,0,,1983675,1983675,0.7
INV-H3-000504,0,,1571425,1571425,0.7
INV-H3-000505,0,,2146935,2146935,0.7
INV-H3-000506,0,,4826401,4826401,0.7
INV-H3-000507,0,,2111931,2111931,0.7
INV-H3-000508,0,,5882488,5882488,0.7
INV-H3-000509,0,,1606500,1606500,0.7
INV-H3-000510,0,,3190771,3190771,0.7
INV-H3-000511,1,service_date_after_invoice_date,3275914,3275914,0.99
INV-H3-000512,0,,3022326,3022326,0.7
INV-H3-000513,0,,1009369,1009369,0.7
INV-H3-000514,0,,1052504,1052504,0.7
INV-H3-000515,0,,3852464,3852464,0.7
INV-H3-000516,1,contract_rate_mismatch|volume_discount_mismatch,2585662,2630209,0.95
INV-H3-000517,0,,3916004,3916004,0.7
INV-H3-000518,0,,962297,962297,0.7
INV-H3-000519,1,service_date_after_invoice_date|unknown_service|wrong_unit_basis,5156320,5156320,0.99
INV-H3-000520,0,,934154,934154,0.7
INV-H3-000521,0,,4582974,4582974,0.7
INV-H3-000522,0,,1646077,1646077,0.7
INV-H3-000523,0,,5465371,5465371,0.7
INV-H3-000524,0,,3069495,3069495,0.7
INV-H3-000525,0,,2813784,2813784,0.7
INV-H3-000526,0,,2351240,2351240,0.7
INV-H3-000527,0,,4451577,4451577,0.7
INV-H3-000528,1,contract_rate_mismatch|premium_or_uplift_mismatch|wrong_unit_basis,5392755,5335500,0.95
INV-H3-000529,0,,5138061,5138061,0.7
INV-H3-000530,0,,4685283,4685283,0.7
INV-H3-000531,0,,1349824,1349824,0.7
INV-H3-000532,0,,2162095,2162095,0.7
INV-H3-000533,0,,3120689,3120689,0.7
INV-H3-000534,0,,2294208,2294208,0.7
INV-H3-000535,0,,1661983,1661983,0.7
INV-H3-000536,0,,5678787,5678787,0.7
INV-H3-000537,0,,5535363,5535363,0.7
INV-H3-000538,0,,3761135,3761135,0.7
INV-H3-000539,0,,1898399,1898399,0.7
INV-H3-000540,0,,5031053,5031053,0.7
INV-H3-000541,0,,5042950,5042950,0.7
INV-H3-000542,0,,1483885,1483885,0.7
INV-H3-000543,0,,4273409,4273409,0.7
INV-H3-000544,0,,1496585,1496585,0.7
INV-H3-000545,0,,1992091,1992091,0.7
INV-H3-000546,0,,4199469,4199469,0.7
INV-H3-000547,0,,1793479,1793479,0.7
INV-H3-000548,0,,3780600,3780600,0.7
INV-H3-000549,0,,632222,632222,0.7
INV-H3-000550,0,,2112615,2112615,0.7
INV-H3-000551,0,,2365136,2365136,0.7
INV-H3-000552,0,,2129160,2129160,0.7
INV-H3-000553,0,,2829251,2829251,0.7
INV-H3-000554,0,,896743,896743,0.7
INV-H3-000555,0,,4569560,4569560,0.7
INV-H3-000556,0,,3215828,3215828,0.7
INV-H3-000557,0,,946635,946635,0.7
INV-H3-000558,0,,2223251,2223251,0.7
INV-H3-000559,0,,1222949,1222949,0.7
INV-H3-000560,0,,1914351,1914351,0.7
INV-H3-000561,0,,5976733,5976733,0.7
INV-H3-000562,0,,1326928,1326928,0.7
INV-H3-000563,0,,1630315,1630315,0.7
INV-H3-000564,0,,2089596,2089596,0.7
INV-H3-000565,1,contract_rate_mismatch|daily_cap_exceeded|unknown_service|volume_discount_mismatch,1497352,1543378,0.95
INV-H3-000566,0,,2355847,2355847,0.7
INV-H3-000567,0,,4725194,4725194,0.7
INV-H3-000568,0,,3255149,3255149,0.7
INV-H3-000569,0,,3211128,3211128,0.7
INV-H3-000570,0,,3537739,3537739,0.7
INV-H3-000571,0,,1000673,1000673,0.7
INV-H3-000572,0,,4585023,4585023,0.7
INV-H3-000573,0,,1617505,1617505,0.7
INV-H3-000574,0,,3886102,3886102,0.7
INV-H3-000575,0,,2133408,2133408,0.7
INV-H3-000576,0,,4165113,4165113,0.7
INV-H3-000577,0,,2116580,2116580,0.7
INV-H3-000578,0,,2599242,2599242,0.7
INV-H3-000579,0,,1735230,1735230,0.7
INV-H3-000580,0,,3746399,3746399,0.7
INV-H3-000581,0,,1626740,1626740,0.7
INV-H3-000582,0,,2791270,2791270,0.7
INV-H3-000583,0,,2040792,2040792,0.7
INV-H3-000584,0,,2568524,2568524,0.7
INV-H3-000585,0,,4437313,4437313,0.7
INV-H3-000586,0,,1714262,1714262,0.7
INV-H3-000587,0,,2548460,2548460,0.7
INV-H3-000588,0,,4209747,4209747,0.7
INV-H3-000589,0,,1413600,1413600,0.7
INV-H3-000590,0,,1062716,1062716,0.7
INV-H3-000591,0,,2326614,2326614,0.7
INV-H3-000592,0,,2351950,2351950,0.7
INV-H3-000593,0,,2946528,2946528,0.7
INV-H3-000594,0,,2622423,2622423,0.7
INV-H3-000595,0,,3212435,3212435,0.7
INV-H3-000596,1,contract_rate_mismatch|invoice_total_mismatch,1221425,1353425,0.99
INV-H3-000597,0,,2763642,2763642,0.7
INV-H3-000598,0,,4266606,4266606,0.7
INV-H3-000599,0,,3952368,3952368,0.7
INV-H3-000600,1,contract_rate_mismatch|exclusion_window_violation,1088438,1181936,0.95
INV-H3-000601,0,,1758720,1758720,0.7
INV-H3-000602,0,,2903585,2903585,0.7
INV-H3-000603,0,,4087951,4087951,0.7
INV-H3-000604,0,,1460397,1460397,0.7
INV-H3-000605,0,,5188179,5188179,0.7
INV-H3-000606,0,,1715630,1715630,0.7
INV-H3-000607,0,,1683196,1683196,0.7
INV-H3-000608,0,,4687781,4687781,0.7
INV-H3-000609,0,,3958061,3958061,0.7
INV-H3-000610,0,,1280605,1280605,0.7
INV-H3-000611,0,,2620672,2620672,0.7
INV-H3-000612,0,,2605415,2605415,0.7
INV-H3-000613,0,,3899556,3899556,0.7
INV-H3-000614,0,,3531410,3531410,0.7
INV-H3-000615,0,,3651949,3651949,0.7
INV-H3-000616,0,,2455618,2455618,0.7
INV-H3-000617,0,,1986075,1986075,0.7
INV-H3-000618,0,,2526045,2526045,0.7
INV-H3-000619,1,cross_invoice_duplicate|daily_cap_exceeded|unknown_service,2958424,3116724,0.99
INV-H3-000620,0,,1673940,1673940,0.7
INV-H3-000621,0,,2670404,2670404,0.7
INV-H3-000622,0,,668775,668775,0.7
INV-H3-000623,0,,1904016,1904016,0.7
INV-H3-000624,0,,3025727,3025727,0.7
INV-H3-000625,0,,3580886,3580886,0.7
INV-H3-000626,0,,722107,722107,0.7
INV-H3-000627,0,,4290205,4290205,0.7
INV-H3-000628,0,,4567552,4567552,0.7
INV-H3-000629,0,,2215821,2215821,0.7
INV-H3-000630,0,,2472360,2472360,0.7
INV-H3-000631,0,,2339462,2339462,0.7
INV-H3-000632,0,,2624830,2624830,0.7
INV-H3-000633,0,,1510337,1510337,0.7
INV-H3-000634,0,,2123742,2123742,0.7
INV-H3-000635,0,,936631,936631,0.7
INV-H3-000636,0,,1955525,1955525,0.7
INV-H3-000637,0,,3055685,3055685,0.7
INV-H3-000638,0,,2890956,2890956,0.7
INV-H3-000639,0,,2652090,2652090,0.7
INV-H3-000640,0,,1302601,1302601,0.7
INV-H3-000641,0,,1674515,1674515,0.7
INV-H3-000642,0,,995375,995375,0.7
INV-H3-000643,0,,3534723,3534723,0.7
INV-H3-000644,0,,3316764,3316764,0.7
INV-H3-000645,0,,4570371,4570371,0.7
INV-H3-000646,0,,1914630,1914630,0.7
INV-H3-000647,0,,3947500,3947500,0.7
INV-H3-000648,0,,5192171,5192171,0.7
INV-H3-000649,0,,3415809,3415809,0.7
INV-H3-000650,0,,2499927,2499927,0.7
INV-H3-000651,0,,1936547,1936547,0.7
INV-H3-000652,0,,1065969,1065969,0.7
INV-H3-000654,0,,5481069,5481069,0.7
INV-H3-000655,0,,3114597,3114597,0.7
INV-H3-000656,0,,1487115,1487115,0.7
INV-H3-000657,0,,672625,672625,0.7
INV-H3-000658,0,,1482129,1482129,0.7
INV-H3-000659,1,line_total_arithmetic,3719703,3694703,0.99
INV-H3-000660,0,,4491167,4491167,0.7
INV-H3-000661,0,,880809,880809,0.7
INV-H3-000662,0,,3525056,3525056,0.7
INV-H3-000663,0,,4226294,4226294,0.7
INV-H3-000664,0,,566596,566596,0.7
INV-H3-000665,0,,3494543,3494543,0.7
INV-H3-000666,0,,1446606,1446606,0.7
INV-H3-000667,0,,3092945,3092945,0.7
INV-H3-000668,0,,3587878,3587878,0.7
INV-H3-000669,0,,514363,514363,0.7
INV-H3-000670,0,,5265208,5265208,0.7
INV-H3-000671,0,,2958561,2958561,0.7
INV-H3-000672,0,,995793,995793,0.7
INV-H3-000673,0,,4225099,4225099,0.7
INV-H3-000674,0,,3398905,3398905,0.7
INV-H3-000675,0,,3301921,3301921,0.7
INV-H3-000676,1,bundle_rate_mismatch|contract_rate_mismatch,3815132,3978332,0.95
INV-H3-000677,0,,1947461,1947461,0.7
INV-H3-000678,0,,3242274,3242274,0.7
INV-H3-000679,0,,3365938,3365938,0.7
INV-H3-000680,0,,2573845,2573845,0.7
INV-H3-000681,1,line_total_arithmetic|service_date_out_of_window|service_not_contracted_on_date|wrong_unit_basis,2096129,2132554,0.99
INV-H3-000682,0,,1879175,1879175,0.7
INV-H3-000683,0,,4193370,4193370,0.7
INV-H3-000684,0,,3962076,3962076,0.7
INV-H3-000685,0,,2811475,2811475,0.7
INV-H3-000686,0,,1507477,1507477,0.7
INV-H3-000687,1,contract_rate_mismatch|unknown_service,4513011,4845729,0.95
INV-H3-000688,0,,1626005,1626005,0.7
INV-H3-000689,0,,4240534,4240534,0.7
INV-H3-000690,0,,4065707,4065707,0.7
INV-H3-000691,0,,4897794,4897794,0.7
INV-H3-000692,0,,2539843,2539843,0.7
INV-H3-000693,0,,2568521,2568521,0.7
INV-H3-000694,0,,3730941,3730941,0.7
INV-H3-000695,0,,4156121,4156121,0.7
INV-H3-000696,0,,3157541,3157541,0.7
INV-H3-000697,0,,4006602,4006602,0.7
INV-H3-000698,0,,3137774,3137774,0.7
INV-H3-000699,0,,1467283,1467283,0.7
INV-H3-000700,0,,4189369,4189369,0.7
INV-H3-000701,0,,1027208,1027208,0.7
INV-H3-000702,0,,3242872,3242872,0.7
INV-H3-000703,0,,3295775,3295775,0.7
INV-H3-000705,0,,831530,831530,0.7
INV-H3-000706,1,contract_rate_mismatch|wrong_unit_basis,5093986,5393761,0.95
INV-H3-000707,0,,1488925,1488925,0.7
INV-H3-000708,0,,2003036,2003036,0.7
INV-H3-000709,0,,4056260,4056260,0.7
INV-H3-000710,0,,2337448,2337448,0.7
INV-H3-000711,0,,2972890,2972890,0.7
INV-H3-000712,0,,5427346,5427346,0.7
INV-H3-000713,0,,516575,516575,0.7
INV-H3-000714,0,,2417803,2417803,0.7
INV-H3-000715,0,,2589505,2589505,0.7
INV-H3-000716,1,contract_rate_mismatch,1446155,1461455,0.95
INV-H3-000717,1,contract_rate_mismatch,4131789,4154396,0.95
INV-H3-000718,0,,3895001,3895001,0.7
INV-H3-000719,0,,1412244,1412244,0.7
INV-H3-000720,0,,2304088,2304088,0.7
INV-H3-000721,0,,4519168,4519168,0.7
INV-H3-000722,0,,2691831,2691831,0.7
INV-H3-000723,0,,3834659,3834659,0.7
INV-H3-000724,0,,2629947,2629947,0.7
INV-H3-000725,0,,2153261,2153261,0.7
INV-H3-000726,0,,2659547,2659547,0.7
INV-H3-000727,0,,2743756,2743756,0.7
INV-H3-000728,0,,3578751,3578751,0.7
INV-H3-000729,0,,3475503,3475503,0.7
INV-H3-000730,0,,4427478,4427478,0.7
INV-H3-000731,0,,1111588,1111588,0.7
INV-H3-000732,0,,2789905,2789905,0.7
INV-H3-000733,0,,3593776,3593776,0.7
INV-H3-000734,0,,537271,537271,0.7
INV-H3-000735,0,,3087663,3087663,0.7
INV-H3-000736,0,,3137830,3137830,0.7
INV-H3-000737,0,,3064153,3064153,0.7
INV-H3-000738,0,,2919602,2919602,0.7
INV-H3-000739,0,,4242242,4242242,0.7
INV-H3-000740,0,,602853,602853,0.7
INV-H3-000741,0,,2915819,2915819,0.7
INV-H3-000742,0,,3466104,3466104,0.7
INV-H3-000743,0,,3790418,3790418,0.7
INV-H3-000744,0,,4264192,4264192,0.7
INV-H3-000745,0,,706010,706010,0.7
INV-H3-000746,0,,381317,381317,0.7
INV-H3-000747,0,,1574386,1574386,0.7
INV-H3-000748,0,,1554665,1554665,0.7
INV-H3-000749,1,contract_rate_mismatch|service_date_after_invoice_date|service_date_out_of_window|volume_discount_mismatch,2628281,3780850,0.99
INV-H3-000750,0,,4599898,4599898,0.7
INV-H3-000751,0,,5760591,5760591,0.7
INV-H3-000752,0,,2701313,2701313,0.7
INV-H3-000753,0,,3093941,3093941,0.7
INV-H3-000754,0,,1819057,1819057,0.7
INV-H3-000755,0,,3156586,3156586,0.7
INV-H3-000756,0,,2393158,2393158,0.7
INV-H3-000757,0,,1771249,1771249,0.7
INV-H3-000758,0,,5260560,5260560,0.7
INV-H3-000759,0,,2342309,2342309,0.7
INV-H3-000760,0,,724790,724790,0.7
INV-H3-000761,0,,4257105,4257105,0.7
INV-H3-000762,0,,3759713,3759713,0.7
INV-H3-000763,0,,930293,930293,0.7
INV-H3-000764,0,,3031701,3031701,0.7
INV-H3-000765,0,,1784079,1784079,0.7
INV-H3-000766,0,,2357378,2357378,0.7
INV-H3-000767,0,,1823255,1823255,0.7
INV-H3-000768,0,,2840599,2840599,0.7
INV-H3-000769,0,,881425,881425,0.7
INV-H3-000770,0,,618253,618253,0.7
INV-H3-000771,0,,3494704,3494704,0.7
INV-H3-000772,0,,3024830,3024830,0.7
INV-H3-000773,0,,4715934,4715934,0.7
INV-H3-000774,0,,1183376,1183376,0.7
INV-H3-000775,0,,3676865,3676865,0.7
INV-H3-000776,0,,2524245,2524245,0.7
INV-H3-000777,0,,6149897,6149897,0.7
INV-H3-000778,0,,2455565,2455565,0.7
INV-H3-000779,0,,1751701,1751701,0.7
INV-H3-000780,0,,2384030,2384030,0.7
INV-H3-000781,1,contract_number_mismatch|unknown_service|wrong_unit_basis,2969025,2969025,0.99
INV-H3-000782,1,service_date_after_invoice_date,4628823,4628823,0.99
INV-H3-000783,0,,2018521,2018521,0.7
INV-H3-000784,0,,3651635,3651635,0.7
INV-H3-000785,1,unknown_service,2366751,2366751,0.75
INV-H3-000786,0,,2554654,2554654,0.7
INV-H3-000787,1,service_date_after_invoice_date,4234549,4234549,0.99
INV-H3-000788,1,bundle_rate_mismatch|contract_rate_mismatch,3319912,3407112,0.95
INV-H3-000789,1,bundle_rate_mismatch|contract_rate_mismatch|exclusion_window_violation|line_total_arithmetic,1519625,1888897,0.99
INV-H3-000790,0,,2284197,2284197,0.7
INV-H3-000791,0,,3873519,3873519,0.7
INV-H3-000792,0,,873775,873775,0.7
INV-H3-000793,0,,2536612,2536612,0.7
INV-H3-000794,1,bundle_rate_mismatch|contract_rate_mismatch|invoice_total_mismatch|unknown_service,1351814,1424664,0.99
INV-H3-000795,0,,2317885,2317885,0.7
INV-H3-000796,0,,2636844,2636844,0.7
INV-H3-000797,0,,967300,967300,0.7
INV-H3-000798,0,,2932721,2932721,0.7
INV-H3-000799,0,,6406346,6406346,0.7
INV-H3-000800,0,,5046666,5046666,0.7
INV-H3-000801,0,,3379755,3379755,0.7
INV-H3-000802,0,,760223,760223,0.7
INV-H3-000803,0,,3222887,3222887,0.7
INV-H3-000804,0,,2767967,2767967,0.7
INV-H3-000805,0,,3710659,3710659,0.7
INV-H3-000806,0,,3278600,3278600,0.7
INV-H3-000807,0,,1858924,1858924,0.7
INV-H3-000808,0,,1261397,1261397,0.7
INV-H3-000809,0,,3215321,3215321,0.7
INV-H3-000810,0,,630689,630689,0.7
INV-H3-000811,0,,1836130,1836130,0.7
INV-H3-000812,0,,1244190,1244190,0.7
INV-H3-000813,0,,3923990,3923990,0.7
INV-H3-000814,0,,3200185,3200185,0.7
INV-H3-000815,0,,3254914,3254914,0.7
INV-H3-000816,1,invoice_total_mismatch,2622469,2623469,0.99
INV-H3-000817,1,contract_rate_mismatch|premium_or_uplift_mismatch,3404015,3315287,0.95
INV-H3-000818,0,,5275580,5275580,0.7
INV-H3-000819,0,,2291285,2291285,0.7
INV-H3-000820,0,,1426437,1426437,0.7
INV-H3-000821,0,,2767982,2767982,0.7
INV-H3-000822,0,,1850345,1850345,0.7
INV-H3-000823,0,,1198551,1198551,0.7
INV-H3-000824,0,,4118783,4118783,0.7
INV-H3-000825,0,,1304445,1304445,0.7
INV-H3-000826,0,,3377308,3377308,0.7
INV-H3-000827,0,,3548057,3548057,0.7
INV-H3-000828,0,,970340,970340,0.7
INV-H3-000829,0,,1971132,1971132,0.7
INV-H3-000830,0,,5252450,5252450,0.7
INV-H3-000831,0,,1894994,1894994,0.7
INV-H3-000832,0,,2325283,2325283,0.7
INV-H3-000833,0,,5333990,5333990,0.7
INV-H3-000834,1,contract_rate_mismatch|service_date_out_of_window|service_not_contracted_on_date,2603324,3370659,0.99
INV-H3-000835,0,,3258589,3258589,0.7
INV-H3-000836,0,,1929960,1929960,0.7
INV-H3-000837,1,malformed_service_date|wrong_unit_basis,932171,932171,0.99
INV-H3-000838,0,,1182311,1182311,0.7
INV-H3-000839,0,,3975071,3975071,0.7
INV-H3-000840,0,,2198182,2198182,0.7
INV-H3-000841,0,,2222152,2222152,0.7
INV-H3-000842,1,contract_rate_mismatch|cross_invoice_duplicate|service_date_out_of_window|service_not_contracted_on_date|volume_discount_mismatch,1626261,2783025,0.99
INV-H3-000843,0,,1235319,1235319,0.7
INV-H3-000844,0,,3364487,3364487,0.7
INV-H3-000845,0,,2708497,2708497,0.7
INV-H3-000846,0,,4669641,4669641,0.7
INV-H3-000847,0,,2082753,2082753,0.7
INV-H3-000848,0,,4710941,4710941,0.7
INV-H3-000849,0,,2600044,2600044,0.7
INV-H3-000850,0,,5026295,5026295,0.7
INV-H3-000851,0,,3261972,3261972,0.7
INV-H3-000852,0,,2188525,2188525,0.7
INV-H3-000853,0,,750465,750465,0.7
INV-H3-000854,0,,1300618,1300618,0.7
INV-H3-000855,0,,598343,598343,0.7
INV-H3-000856,0,,4388325,4388325,0.7
INV-H3-000857,0,,4031755,4031755,0.7
INV-H3-000858,0,,4117434,4117434,0.7
INV-H3-000859,0,,929398,929398,0.7
INV-H3-000860,0,,1550156,1550156,0.7
INV-H3-000861,0,,2950086,2950086,0.7
INV-H3-000862,0,,4316227,4316227,0.7
INV-H3-000863,0,,657175,657175,0.7
INV-H3-000864,0,,4957347,4957347,0.7
INV-H3-000865,0,,2180620,2180620,0.7
INV-H3-000866,0,,2501760,2501760,0.7
INV-H3-000867,0,,3723227,3723227,0.7
INV-H3-000868,0,,3319399,3319399,0.7
INV-H3-000869,0,,1768443,1768443,0.7
INV-H3-000870,0,,2075936,2075936,0.7
INV-H3-000871,0,,3470455,3470455,0.7
INV-H3-000872,0,,5207506,5207506,0.7
INV-H3-000873,0,,4007328,4007328,0.7
INV-H3-000874,0,,3229314,3229314,0.7
INV-H3-000875,0,,3748325,3748325,0.7
INV-H3-000876,0,,3476986,3476986,0.7
INV-H3-000877,0,,3062855,3062855,0.7
INV-H3-000878,0,,3762504,3762504,0.7
INV-H3-000879,1,service_date_after_invoice_date|service_date_out_of_window,3718750,3718750,0.99
INV-H3-000880,0,,2894238,2894238,0.7
INV-H3-000881,0,,1632800,1632800,0.7
INV-H3-000882,0,,1770462,1770462,0.7
INV-H3-000883,0,,1765247,1765247,0.7
INV-H3-000884,0,,3148530,3148530,0.7
INV-H3-000885,0,,2107517,2107517,0.7
INV-H3-000886,0,,4669482,4669482,0.7
INV-H3-000887,0,,3561548,3561548,0.7
INV-H3-000888,0,,813251,813251,0.7
INV-H3-000889,0,,1053370,1053370,0.7
INV-H3-000890,0,,585236,585236,0.7
INV-H3-000891,0,,3024155,3024155,0.7
INV-H3-000892,0,,1009674,1009674,0.7
INV-H3-000893,0,,3387265,3387265,0.7
INV-H3-000894,0,,2610416,2610416,0.7
INV-H3-000895,0,,1329656,1329656,0.7
INV-H3-000896,0,,2155380,2155380,0.7
INV-H3-000897,0,,2833994,2833994,0.7
INV-H3-000898,0,,3808756,3808756,0.7
INV-H3-000899,0,,1543629,1543629,0.7
INV-H3-000900,0,,2769562,2769562,0.7
INV-H3-000901,0,,2043225,2043225,0.7
INV-H3-000902,0,,1562901,1562901,0.7
INV-H3-000903,0,,2067395,2067395,0.7
INV-H3-000904,0,,2428975,2428975,0.7
INV-H3-000905,0,,3125341,3125341,0.7
INV-H3-000906,0,,4013496,4013496,0.7
INV-H3-000907,0,,951492,951492,0.7
INV-H3-000908,0,,3555714,3555714,0.7
INV-H3-000909,0,,922816,922816,0.7
INV-H3-000910,0,,2491406,2491406,0.7
INV-H3-000911,0,,3501125,3501125,0.7
INV-H3-000912,0,,2291674,2291674,0.7
INV-H3-000913,0,,2594630,2594630,0.7
INV-H3-000914,0,,2567199,2567199,0.7
INV-H3-000915,0,,2276481,2276481,0.7
INV-H3-000916,0,,2426045,2426045,0.7
INV-H3-000917,0,,3381300,3381300,0.7
INV-H3-000918,0,,4167031,4167031,0.7
INV-H3-000919,0,,3767997,3767997,0.7
INV-H3-000920,0,,3225018,3225018,0.7
INV-H3-000921,0,,2818319,2818319,0.7
INV-H3-000922,0,,4305802,4305802,0.7
INV-H3-000923,0,,2013042,2013042,0.7
INV-H3-000924,0,,3415747,3415747,0.7
INV-H3-000925,1,bundle_rate_mismatch|contract_rate_mismatch|wrong_unit_basis,4324229,4378954,0.95
INV-H3-000926,0,,4230770,4230770,0.7
INV-H3-000927,0,,5884230,5884230,0.7
INV-H3-000928,0,,4661382,4661382,0.7
INV-H3-000929,0,,1543690,1543690,0.7
INV-H3-000930,0,,2183668,2183668,0.7
INV-H3-000931,0,,876385,876385,0.7
INV-H3-000932,0,,2288377,2288377,0.7
INV-H3-000933,0,,1504813,1504813,0.7
INV-H3-000934,1,service_date_after_invoice_date|unknown_service,887050,887050,0.99
INV-H3-000935,1,cross_invoice_duplicate|malformed_service_date|unknown_service,4087841,4316041,0.99
INV-H3-000936,0,,3110365,3110365,0.7
INV-H3-000937,0,,2073634,2073634,0.7
INV-H3-000938,0,,3317874,3317874,0.7
INV-H3-000939,0,,1461575,1461575,0.7
INV-H4-000001,0,,1684325,1684325,0.7
INV-H4-000002,0,,3709750,3709750,0.7
INV-H4-000003,1,wrong_unit_basis,2990225,2990225,0.95
INV-H4-000004,0,,4541425,4541425,0.7
INV-H4-000005,0,,1061450,1061450,0.7
INV-H4-000006,1,invoice_total_mismatch,641175,640175,0.99
INV-H4-000007,0,,2396750,2396750,0.7
INV-H4-000008,1,contract_rate_mismatch|service_date_after_invoice_date,3259925,3525273,0.99
INV-H4-000009,0,,3544989,3544989,0.7
INV-H4-000010,0,,4801591,4801591,0.7
INV-H4-000011,0,,2887300,2887300,0.7
INV-H4-000012,0,,2835575,2835575,0.7
INV-H4-000013,0,,2946850,2946850,0.7
INV-H4-000014,0,,2658825,2658825,0.7
INV-H4-000015,0,,3635025,3635025,0.7
INV-H4-000016,0,,3234050,3234050,0.7
INV-H4-000017,1,line_total_arithmetic,4964975,4939975,0.99
INV-H4-000018,0,,1493475,1493475,0.7
INV-H4-000019,0,,1312175,1312175,0.7
INV-H4-000020,0,,3385425,3385425,0.7
INV-H4-000021,0,,2524150,2524150,0.7
INV-H4-000022,0,,2760525,2760525,0.7
INV-H4-000023,0,,3356650,3356650,0.7
INV-H4-000024,0,,1381558,1381558,0.7
INV-H4-000025,0,,729989,729989,0.7
INV-H4-000026,0,,3085997,3085997,0.7
INV-H4-000027,0,,3087600,3087600,0.7
INV-H4-000028,0,,1136750,1136750,0.7
INV-H4-000029,0,,819175,819175,0.7
INV-H4-000030,0,,1854450,1854450,0.7
INV-H4-000031,0,,1691400,1691400,0.7
INV-H4-000032,0,,433650,433650,0.7
INV-H4-000033,0,,3745725,3745725,0.7
INV-H4-000034,0,,3938675,3938675,0.7
INV-H4-000035,0,,4272200,4272200,0.7
INV-H4-000036,0,,2580775,2580775,0.7
INV-H4-000037,0,,4330300,4330300,0.7
INV-H4-000038,0,,2275900,2275900,0.7
INV-H4-000039,0,,3695050,3695050,0.7
INV-H4-000040,0,,4906925,4906925,0.7
INV-H4-000041,0,,2268000,2268000,0.7
INV-H4-000042,0,,3924275,3924275,0.7
INV-H4-000043,0,,1803400,1803400,0.7
INV-H4-000044,0,,2826210,2826210,0.7
INV-H4-000045,0,,2151575,2151575,0.7
INV-H4-000046,0,,2192275,2192275,0.7
INV-H4-000047,0,,3509309,3509309,0.7
INV-H4-000048,0,,1024025,1024025,0.7
INV-H4-000049,0,,2746450,2746450,0.7
INV-H4-000050,0,,3023285,3023285,0.7
INV-H4-000051,0,,4283425,4283425,0.7
INV-H4-000052,0,,2886250,2886250,0.7
INV-H4-000053,1,unknown_service|wrong_unit_basis,3818450,3818450,0.95
INV-H4-000054,0,,1927440,1927440,0.7
INV-H4-000055,0,,3426725,3426725,0.7
INV-H4-000056,0,,1540100,1540100,0.7
INV-H4-000057,0,,3328750,3328750,0.7
INV-H4-000058,0,,1646025,1646025,0.7
INV-H4-000059,0,,822175,822175,0.7
INV-H4-000060,0,,805625,805625,0.7
INV-H4-000061,0,,1590875,1590875,0.7
INV-H4-000062,0,,3792825,3792825,0.7
INV-H4-000063,0,,2568575,2568575,0.7
INV-H4-000064,0,,1531425,1531425,0.7
INV-H4-000065,0,,540310,540310,0.7
INV-H4-000066,0,,4668562,4668562,0.7
INV-H4-000067,0,,3881800,3881800,0.7
INV-H4-000068,0,,1482320,1482320,0.7
INV-H4-000069,0,,3522700,3522700,0.7
INV-H4-000070,0,,4395000,4395000,0.7
INV-H4-000071,0,,1617900,1617900,0.7
INV-H4-000072,0,,1932625,1932625,0.7
INV-H4-000073,1,duplicate_invoice_id,1732300,1732300,0.99
INV-H4-000074,1,contract_rate_mismatch,3253770,3497250,0.95
INV-H4-000075,0,,2816942,2816942,0.7
INV-H4-000076,0,,1949250,1949250,0.7
INV-H4-000077,0,,2865381,2865381,0.7
INV-H4-000078,0,,2875625,2875625,0.7
INV-H4-000079,1,duplicate_invoice_id,1486726,1486726,0.99
INV-H4-000080,0,,3508000,3508000,0.7
INV-H4-000081,0,,3437800,3437800,0.7
INV-H4-000082,0,,5197300,5197300,0.7
INV-H4-000083,0,,3067400,3067400,0.7
INV-H4-000084,0,,4715550,4715550,0.7
INV-H4-000085,0,,3151125,3151125,0.7
INV-H4-000086,0,,1398675,1398675,0.7
INV-H4-000087,0,,3411011,3411011,0.7
INV-H4-000088,0,,5285671,5285671,0.7
INV-H4-000089,0,,1592319,1592319,0.7
INV-H4-000090,0,,1209350,1209350,0.7
INV-H4-000091,0,,1420275,1420275,0.7
INV-H4-000092,0,,3900715,3900715,0.7
INV-H4-000093,0,,2654600,2654600,0.7
INV-H4-000094,0,,2378395,2378395,0.7
INV-H4-000095,1,line_total_arithmetic|wrong_unit_basis,1804850,1797350,0.99
INV-H4-000096,0,,2712075,2712075,0.7
INV-H4-000097,0,,2515900,2515900,0.7
INV-H4-000098,0,,2846400,2846400,0.7
INV-H4-000099,0,,3632444,3632444,0.7
INV-H4-000100,0,,1400750,1400750,0.7
INV-H4-000101,0,,997375,997375,0.7
INV-H4-000102,0,,1967575,1967575,0.7
INV-H4-000103,0,,4815295,4815295,0.7
INV-H4-000104,1,contract_number_mismatch,763938,763938,0.99
INV-H4-000105,1,contract_rate_mismatch|premium_or_uplift_mismatch|service_date_after_invoice_date,1384350,1369450,0.99
INV-H4-000106,0,,1241425,1241425,0.7
INV-H4-000107,0,,2848100,2848100,0.7
INV-H4-000108,0,,1704800,1704800,0.7
INV-H4-000109,0,,4800150,4800150,0.7
INV-H4-000110,0,,1614575,1614575,0.7
INV-H4-000111,0,,3388731,3388731,0.7
INV-H4-000112,0,,1157155,1157155,0.7
INV-H4-000113,0,,1557700,1557700,0.7
INV-H4-000114,0,,4447625,4447625,0.7
INV-H4-000115,0,,3446700,3446700,0.7
INV-H4-000116,0,,3422822,3422822,0.7
INV-H4-000117,0,,1002076,1002076,0.7
INV-H4-000118,0,,3885968,3885968,0.7
INV-H4-000119,0,,1533750,1533750,0.7
INV-H4-000120,0,,2225600,2225600,0.7
INV-H4-000121,1,service_date_after_invoice_date,1732875,1732875,0.99
INV-H4-000122,0,,2184175,2184175,0.7
INV-H4-000123,0,,3924125,3924125,0.7
INV-H4-000124,0,,5059925,5059925,0.7
INV-H4-000125,1,unknown_service,2398750,2398750,0.75
INV-H4-000126,0,,1198500,1198500,0.7
INV-H4-000127,0,,4277050,4277050,0.7
INV-H4-000128,0,,2878080,2878080,0.7
INV-H4-000129,0,,2475375,2475375,0.7
INV-H4-000130,0,,1120375,1120375,0.7
INV-H4-000131,0,,2284750,2284750,0.7
INV-H4-000132,0,,2168372,2168372,0.7
INV-H4-000133,0,,1665300,1665300,0.7
INV-H4-000134,0,,1879100,1879100,0.7
INV-H4-000135,0,,2150499,2150499,0.7
INV-H4-000136,0,,1312475,1312475,0.7
INV-H4-000137,0,,1185400,1185400,0.7
INV-H4-000138,0,,408732,408732,0.7
INV-H4-000139,0,,3165685,3165685,0.7
INV-H4-000140,0,,2104082,2104082,0.7
INV-H4-000141,0,,2871700,2871700,0.7
INV-H4-000142,0,,3154150,3154150,0.7
INV-H4-000143,0,,2047525,2047525,0.7
INV-H4-000144,1,contract_number_mismatch|contract_rate_mismatch|unknown_service,3088113,3105319,0.99
INV-H4-000145,0,,3600775,3600775,0.7
INV-H4-000146,0,,2873750,2873750,0.7
INV-H4-000147,0,,3627292,3627292,0.7
INV-H4-000148,0,,1207325,1207325,0.7
INV-H4-000149,0,,1433525,1433525,0.7
INV-H4-000150,0,,1510135,1510135,0.7
INV-H4-000151,0,,4528550,4528550,0.7
INV-H4-000152,0,,1673314,1673314,0.7
INV-H4-000153,1,malformed_service_date|unknown_service,3656250,3656250,0.99
INV-H4-000154,0,,1006400,1006400,0.7
INV-H4-000155,0,,1748312,1748312,0.7
INV-H4-000156,0,,1706925,1706925,0.7
INV-H4-000157,1,contract_rate_mismatch|invoice_total_mismatch|volume_discount_mismatch,994456,1066600,0.99
INV-H4-000158,0,,1897325,1897325,0.7
INV-H4-000159,0,,1671850,1671850,0.7
INV-H4-000160,0,,481550,481550,0.7
INV-H4-000161,0,,2578975,2578975,0.7
INV-H4-000162,0,,3059865,3059865,0.7
INV-H4-000163,0,,3712175,3712175,0.7
INV-H4-000164,1,contract_number_mismatch|contract_rate_mismatch|malformed_service_date,2217803,2241308,0.99
INV-H4-000165,1,daily_cap_exceeded,3370925,3413175,0.95
INV-H4-000166,0,,1360729,1360729,0.7
INV-H4-000167,0,,4001084,4001084,0.7
INV-H4-000168,1,exclusion_window_violation|wrong_unit_basis,2184615,2221715,0.95
INV-H4-000169,0,,2116475,2116475,0.7
INV-H4-000170,0,,2401000,2401000,0.7
INV-H4-000171,0,,3983406,3983406,0.7
INV-H4-000172,0,,2225568,2225568,0.7
INV-H4-000173,0,,2904550,2904550,0.7
INV-H4-000174,0,,1591425,1591425,0.7
INV-H4-000175,0,,3231725,3231725,0.7
INV-H4-000176,0,,1732674,1732674,0.7
INV-H4-000177,0,,3061075,3061075,0.7
INV-H4-000178,0,,3878225,3878225,0.7
INV-H4-000179,0,,1998140,1998140,0.7
INV-H4-000180,0,,2976218,2976218,0.7
INV-H4-000181,0,,1433750,1433750,0.7
INV-H4-000182,0,,3573500,3573500,0.7
INV-H4-000183,0,,3944406,3944406,0.7
INV-H4-000184,0,,1978025,1978025,0.7
INV-H4-000185,0,,3031025,3031025,0.7
INV-H4-000186,0,,3391488,3391488,0.7
INV-H4-000187,0,,4163750,4163750,0.7
INV-H4-000188,0,,480600,480600,0.7
INV-H4-000189,0,,2477850,2477850,0.7
INV-H4-000190,0,,4348650,4348650,0.7
INV-H4-000191,0,,2686650,2686650,0.7
INV-H4-000192,0,,3168856,3168856,0.7
INV-H4-000193,0,,2231223,2231223,0.7
INV-H4-000194,0,,5330400,5330400,0.7
INV-H4-000195,0,,2564800,2564800,0.7
INV-H4-000196,1,bundle_rate_mismatch|contract_rate_mismatch|wrong_unit_basis,2732000,2769483,0.95
INV-H4-000197,0,,3709100,3709100,0.7
INV-H4-000198,0,,892825,892825,0.7
INV-H4-000199,0,,3183225,3183225,0.7
INV-H4-000200,0,,2877375,2877375,0.7
INV-H4-000201,0,,875700,875700,0.7
INV-H4-000202,0,,1981900,1981900,0.7
INV-H4-000203,0,,1979184,1979184,0.7
INV-H4-000204,0,,4171025,4171025,0.7
INV-H4-000205,0,,3493500,3493500,0.7
INV-H4-000206,0,,1988225,1988225,0.7
INV-H4-000207,0,,930000,930000,0.7
INV-H4-000208,0,,3600552,3600552,0.7
INV-H4-000209,0,,2321736,2321736,0.7
INV-H4-000210,0,,5038300,5038300,0.7
INV-H4-000211,0,,3056100,3056100,0.7
INV-H4-000212,0,,2243138,2243138,0.7
INV-H4-000213,0,,2984225,2984225,0.7
INV-H4-000214,0,,3246025,3246025,0.7
INV-H4-000215,0,,604825,604825,0.7
INV-H4-000216,0,,1973625,1973625,0.7
INV-H4-000217,1,bundle_rate_mismatch|contract_rate_mismatch,2596750,2424724,0.95
INV-H4-000218,0,,2091390,2091390,0.7
INV-H4-000219,0,,3351025,3351025,0.7
INV-H4-000220,0,,4985275,4985275,0.7
INV-H4-000221,0,,1251552,1251552,0.7
INV-H4-000222,0,,1049900,1049900,0.7
INV-H4-000223,0,,2854625,2854625,0.7
INV-H4-000224,0,,1980323,1980323,0.7
INV-H4-000225,0,,2624625,2624625,0.7
INV-H4-000226,1,line_total_arithmetic,916750,941750,0.99
INV-H4-000227,0,,4035850,4035850,0.7
INV-H4-000228,0,,2264805,2264805,0.7
INV-H4-000229,0,,2680971,2680971,0.7
INV-H4-000230,0,,3617087,3617087,0.7
INV-H4-000231,0,,4372475,4372475,0.7
INV-H4-000232,0,,1930675,1930675,0.7
INV-H4-000233,0,,2666630,2666630,0.7
INV-H4-000234,0,,1089700,1089700,0.7
INV-H4-000235,1,contract_number_mismatch|exclusion_window_violation,1518150,1538350,0.99
INV-H4-000236,0,,2297550,2297550,0.7
INV-H4-000237,0,,3644221,3644221,0.7
INV-H4-000238,0,,1045225,1045225,0.7
INV-H4-000239,0,,3914800,3914800,0.7
INV-H4-000240,0,,2711979,2711979,0.7
INV-H4-000241,0,,2652700,2652700,0.7
INV-H4-000242,0,,4025602,4025602,0.7
INV-H4-000243,0,,1488475,1488475,0.7
INV-H4-000244,0,,1335750,1335750,0.7
INV-H4-000245,0,,1497140,1497140,0.7
INV-H4-000246,0,,2716947,2716947,0.7
INV-H4-000247,1,contract_rate_mismatch,3219450,3224198,0.95
INV-H4-000248,0,,2382309,2382309,0.7
INV-H4-000249,0,,2468650,2468650,0.7
INV-H4-000250,0,,2665181,2665181,0.7
INV-H4-000251,0,,1327425,1327425,0.7
INV-H4-000252,0,,2894100,2894100,0.7
INV-H4-000253,0,,985450,985450,0.7
INV-H4-000254,0,,1369875,1369875,0.7
INV-H4-000255,0,,1882120,1882120,0.7
INV-H4-000256,0,,682700,682700,0.7
INV-H4-000257,0,,3266665,3266665,0.7
INV-H4-000258,0,,1118825,1118825,0.7
INV-H4-000259,1,contract_rate_mismatch,3880075,4427913,0.95
INV-H4-000260,1,line_total_arithmetic|service_date_out_of_window,1682025,1657025,0.99
INV-H4-000261,0,,1789878,1789878,0.7
INV-H4-000262,0,,2110186,2110186,0.7
INV-H4-000263,0,,1153981,1153981,0.7
INV-H4-000264,1,contract_rate_mismatch|duplicate_invoice_id,4671165,4696974,0.99
INV-H4-000265,0,,4404590,4404590,0.7
INV-H4-000266,0,,613575,613575,0.7
INV-H4-000267,0,,2593453,2593453,0.7
INV-H4-000268,0,,977995,977995,0.7
INV-H4-000269,0,,3368618,3368618,0.7
INV-H4-000270,0,,2654548,2654548,0.7
INV-H4-000271,0,,5044659,5044659,0.7
INV-H4-000272,0,,1856562,1856562,0.7
INV-H4-000273,0,,1988640,1988640,0.7
INV-H4-000274,0,,1107275,1107275,0.7
INV-H4-000275,0,,3175125,3175125,0.7
INV-H4-000276,0,,4113650,4113650,0.7
INV-H4-000277,0,,3302165,3302165,0.7
INV-H4-000278,0,,3446950,3446950,0.7
INV-H4-000279,0,,2072558,2072558,0.7
INV-H4-000280,0,,2693475,2693475,0.7
INV-H4-000281,0,,1513905,1513905,0.7
INV-H4-000282,0,,1401500,1401500,0.7
INV-H4-000283,0,,4108178,4108178,0.7
INV-H4-000284,0,,531900,531900,0.7
INV-H4-000285,1,unknown_service,1044325,1044325,0.75
INV-H4-000286,0,,2054450,2054450,0.7
INV-H4-000287,0,,3420900,3420900,0.7
INV-H4-000288,0,,1085000,1085000,0.7
INV-H4-000289,0,,4165533,4165533,0.7
INV-H4-000290,0,,3406925,3406925,0.7
INV-H4-000291,0,,2286450,2286450,0.7
INV-H4-000292,0,,1980000,1980000,0.7
INV-H4-000293,1,contract_rate_mismatch,3493365,3500841,0.95
INV-H4-000294,0,,827525,827525,0.7
INV-H4-000295,0,,579025,579025,0.7
INV-H4-000296,0,,1443230,1443230,0.7
INV-H4-000297,0,,3398204,3398204,0.7
INV-H4-000298,0,,2093400,2093400,0.7
INV-H4-000299,0,,421750,421750,0.7
INV-H4-000300,0,,4207405,4207405,0.7
INV-H4-000301,0,,1677800,1677800,0.7
INV-H4-000302,0,,1454463,1454463,0.7
INV-H4-000304,0,,4995628,4995628,0.7
INV-H4-000305,0,,2221575,2221575,0.7
INV-H4-000306,0,,2618850,2618850,0.7
INV-H4-000307,0,,4621560,4621560,0.7
INV-H4-000308,0,,2714544,2714544,0.7
INV-H4-000309,1,cross_invoice_duplicate|unknown_service,2736943,3550818,0.99
INV-H4-000310,0,,1316020,1316020,0.7
INV-H4-000311,0,,1972059,1972059,0.7
INV-H4-000312,0,,699500,699500,0.7
INV-H4-000313,0,,800725,800725,0.7
INV-H4-000314,0,,697175,697175,0.7
INV-H4-000315,0,,1699100,1699100,0.7
INV-H4-000316,0,,4094625,4094625,0.7
INV-H4-000317,0,,2361575,2361575,0.7
INV-H4-000318,0,,4698159,4698159,0.7
INV-H4-000319,0,,1918250,1918250,0.7
INV-H4-000320,0,,2024262,2024262,0.7
INV-H4-000321,0,,2786067,2786067,0.7
INV-H4-000322,0,,1402175,1402175,0.7
INV-H4-000323,1,invoice_total_mismatch,1905175,1906175,0.99
INV-H4-000324,0,,737415,737415,0.7
INV-H4-000325,0,,1768325,1768325,0.7
INV-H4-000326,0,,3798200,3798200,0.7
INV-H4-000327,0,,1996725,1996725,0.7
INV-H4-000328,0,,917100,917100,0.7
INV-H4-000329,0,,2992320,2992320,0.7
INV-H4-000330,0,,1330250,1330250,0.7
INV-H4-000331,0,,4216333,4216333,0.7
INV-H4-000332,0,,4836400,4836400,0.7
INV-H4-000333,0,,999950,999950,0.7
INV-H4-000334,0,,1071950,1071950,0.7
INV-H4-000335,0,,2045545,2045545,0.7
INV-H4-000336,0,,3783718,3783718,0.7
INV-H4-000337,0,,2762165,2762165,0.7
INV-H4-000338,0,,3339125,3339125,0.7
INV-H4-000339,0,,2489370,2489370,0.7
INV-H4-000340,0,,572600,572600,0.7
INV-H4-000341,0,,5736706,5736706,0.7
INV-H4-000342,0,,1868200,1868200,0.7
INV-H4-000343,0,,1048175,1048175,0.7
INV-H4-000344,0,,2427031,2427031,0.7
INV-H4-000345,0,,2320375,2320375,0.7
INV-H4-000346,0,,4225450,4225450,0.7
INV-H4-000347,0,,1895670,1895670,0.7
INV-H4-000348,1,contract_rate_mismatch,2828425,2813528,0.95
INV-H4-000349,0,,2307175,2307175,0.7
INV-H4-000350,0,,3278425,3278425,0.7
INV-H4-000351,0,,5091100,5091100,0.7
INV-H4-000352,0,,1914963,1914963,0.7
INV-H4-000353,0,,981842,981842,0.7
INV-H4-000354,0,,2357825,2357825,0.7
INV-H4-000355,1,contract_rate_mismatch|premium_or_uplift_mismatch,2888653,2871831,0.95
INV-H4-000356,0,,1230034,1230034,0.7
INV-H4-000357,0,,3397840,3397840,0.7
INV-H4-000358,0,,5154605,5154605,0.7
INV-H4-000359,0,,1946150,1946150,0.7
INV-H4-000360,0,,4291045,4291045,0.7
INV-H4-000361,0,,4042944,4042944,0.7
INV-H4-000362,0,,369425,369425,0.7
INV-H4-000363,0,,2873300,2873300,0.7
INV-H4-000364,0,,2238755,2238755,0.7
INV-H4-000365,0,,1747290,1747290,0.7
INV-H4-000366,0,,1394828,1394828,0.7
INV-H4-000367,0,,2149531,2149531,0.7
INV-H4-000368,0,,3021850,3021850,0.7
INV-H4-000369,0,,2572650,2572650,0.7
INV-H4-000370,0,,1554128,1554128,0.7
INV-H4-000371,0,,2884425,2884425,0.7
INV-H4-000372,0,,474575,474575,0.7
INV-H4-000373,0,,3625717,3625717,0.7
INV-H4-000374,0,,2910580,2910580,0.7
INV-H4-000375,0,,1582750,1582750,0.7
INV-H4-000376,0,,462950,462950,0.7
INV-H4-000377,0,,3124106,3124106,0.7
INV-H4-000378,0,,3217278,3217278,0.7
INV-H4-000379,0,,1395600,1395600,0.7
INV-H4-000380,0,,2664950,2664950,0.7
INV-H4-000381,0,,2177615,2177615,0.7
INV-H4-000382,0,,781425,781425,0.7
INV-H4-000383,0,,6154400,6154400,0.7
INV-H4-000384,0,,3817812,3817812,0.7
INV-H4-000385,0,,3064130,3064130,0.7
INV-H4-000386,0,,3023171,3023171,0.7
INV-H4-000387,0,,2340374,2340374,0.7
INV-H4-000388,0,,3044800,3044800,0.7
INV-H4-000389,0,,935125,935125,0.7
INV-H4-000390,0,,621475,621475,0.7
INV-H4-000391,1,service_date_after_invoice_date,1528764,1528764,0.99
INV-H4-000392,0,,1904013,1904013,0.7
INV-H4-000393,0,,4520912,4520912,0.7
INV-H4-000394,0,,3995850,3995850,0.7
INV-H4-000395,0,,4153581,4153581,0.7
INV-H4-000396,0,,4456925,4456925,0.7
INV-H4-000397,0,,4650248,4650248,0.7
INV-H4-000398,0,,2575550,2575550,0.7
INV-H4-000399,0,,1243755,1243755,0.7
INV-H4-000400,0,,1668400,1668400,0.7
INV-H4-000401,0,,2864175,2864175,0.7
INV-H4-000402,0,,3624065,3624065,0.7
INV-H4-000403,0,,1411800,1411800,0.7
INV-H4-000404,0,,1310900,1310900,0.7
INV-H4-000405,0,,5486439,5486439,0.7
INV-H4-000406,0,,2188067,2188067,0.7
INV-H4-000407,0,,4216218,4216218,0.7
INV-H4-000408,0,,2092935,2092935,0.7
INV-H4-000409,0,,1705759,1705759,0.7
INV-H4-000410,0,,2163081,2163081,0.7
INV-H4-000411,0,,3196895,3196895,0.7
INV-H4-000412,0,,3938725,3938725,0.7
INV-H4-000413,0,,2280850,2280850,0.7
INV-H4-000414,0,,2775659,2775659,0.7
INV-H4-000415,0,,1690850,1690850,0.7
INV-H4-000416,0,,5159604,5159604,0.7
INV-H4-000417,0,,1244125,1244125,0.7
INV-H4-000419,0,,1571162,1571162,0.7
INV-H4-000420,0,,5508974,5508974,0.7
INV-H4-000421,0,,4161435,4161435,0.7
INV-H4-000422,0,,3513640,3513640,0.7
INV-H4-000423,0,,749180,749180,0.7
INV-H4-000424,0,,4621760,4621760,0.7
INV-H4-000425,0,,2500834,2500834,0.7
INV-H4-000426,0,,4417800,4417800,0.7
INV-H4-000427,0,,1194800,1194800,0.7
INV-H4-000428,0,,1387328,1387328,0.7
INV-H4-000429,0,,4444055,4444055,0.7
INV-H4-000430,0,,1742210,1742210,0.7
INV-H4-000431,1,duplicate_invoice_id|exclusion_window_violation,1367225,1837700,0.99
INV-H4-000432,0,,1615914,1615914,0.7
INV-H4-000433,0,,5004761,5004761,0.7
INV-H4-000434,0,,1919075,1919075,0.7
INV-H4-000435,0,,2717875,2717875,0.7
INV-H4-000436,0,,2114075,2114075,0.7
INV-H4-000437,0,,2159768,2159768,0.7
INV-H4-000438,0,,5005975,5005975,0.7
INV-H4-000439,0,,2091075,2091075,0.7
INV-H4-000440,0,,1999100,1999100,0.7
INV-H4-000441,0,,2691882,2691882,0.7
INV-H4-000442,0,,2556305,2556305,0.7
INV-H4-000443,0,,1949435,1949435,0.7
INV-H4-000444,0,,1312964,1312964,0.7
INV-H4-000445,1,service_date_after_invoice_date|service_date_out_of_window,3669725,3669725,0.99
INV-H4-000446,0,,1815828,1815828,0.7
INV-H4-000447,0,,2036000,2036000,0.7
INV-H4-000448,0,,3450611,3450611,0.7
INV-H4-000449,0,,2992325,2992325,0.7
INV-H4-000450,0,,4647850,4647850,0.7
INV-H4-000451,0,,1500000,1500000,0.7
INV-H4-000452,0,,4114000,4114000,0.7
INV-H4-000453,0,,956575,956575,0.7
INV-H4-000454,0,,2528295,2528295,0.7
INV-H4-000455,0,,4005775,4005775,0.7
INV-H4-000456,0,,1901874,1901874,0.7
INV-H4-000457,0,,4982560,4982560,0.7
INV-H4-000458,1,unknown_service,1395600,1395600,0.75
INV-H4-000459,0,,2130148,2130148,0.7
INV-H4-000460,0,,1423623,1423623,0.7
INV-H4-000461,0,,2918700,2918700,0.7
INV-H4-000462,0,,3127525,3127525,0.7
INV-H4-000463,0,,3150348,3150348,0.7
INV-H4-000464,0,,1815325,1815325,0.7
INV-H4-000465,0,,813125,813125,0.7
INV-H4-000466,0,,2165475,2165475,0.7
INV-H4-000467,0,,1033045,1033045,0.7
INV-H4-000468,0,,1610125,1610125,0.7
INV-H4-000469,0,,4726099,4726099,0.7
INV-H4-000470,0,,1962575,1962575,0.7
INV-H4-000471,0,,3388150,3388150,0.7
INV-H4-000472,0,,319075,319075,0.7
INV-H4-000473,1,cross_invoice_duplicate|exclusion_window_violation|wrong_unit_basis,948675,2150500,0.99
INV-H4-000474,0,,2328512,2328512,0.7
INV-H4-000475,0,,2846850,2846850,0.7
INV-H4-000476,0,,3369415,3369415,0.7
INV-H4-000477,0,,3786510,3786510,0.7
INV-H4-000478,0,,745480,745480,0.7
INV-H4-000479,0,,2276637,2276637,0.7
INV-H4-000480,0,,3637753,3637753,0.7
INV-H4-000481,0,,4942445,4942445,0.7
INV-H4-000482,0,,1482230,1482230,0.7
INV-H4-000483,1,contract_rate_mismatch|daily_cap_exceeded|invoice_total_mismatch|volume_discount_mismatch,1452965,1702575,0.99
INV-H4-000484,0,,1817505,1817505,0.7
INV-H4-000485,0,,3201339,3201339,0.7
INV-H4-000486,0,,1222350,1222350,0.7
INV-H4-000487,0,,2159000,2159000,0.7
INV-H4-000488,0,,2643175,2643175,0.7
INV-H4-000489,0,,2629490,2629490,0.7
INV-H4-000490,0,,3143875,3143875,0.7
INV-H4-000491,0,,2202350,2202350,0.7
INV-H4-000492,0,,1855775,1855775,0.7
INV-H4-000493,0,,518750,518750,0.7
INV-H4-000494,0,,3132199,3132199,0.7
INV-H4-000495,0,,3619538,3619538,0.7
INV-H4-000496,0,,3774484,3774484,0.7
INV-H4-000497,0,,1524750,1524750,0.7
INV-H4-000498,0,,961550,961550,0.7
INV-H4-000499,0,,3995805,3995805,0.7
INV-H4-000500,0,,1513950,1513950,0.7
INV-H4-000501,0,,4523518,4523518,0.7
INV-H4-000502,0,,1999135,1999135,0.7
INV-H4-000503,0,,1712225,1712225,0.7
INV-H4-000504,1,contract_number_mismatch|invoice_total_mismatch|wrong_unit_basis,970875,995875,0.99
INV-H4-000505,0,,869100,869100,0.7
INV-H4-000506,0,,2175025,2175025,0.7
INV-H4-000507,0,,2749023,2749023,0.7
INV-H4-000508,0,,3608187,3608187,0.7
INV-H4-000509,0,,4767372,4767372,0.7
INV-H4-000510,0,,2136925,2136925,0.7
INV-H4-000511,0,,4246950,4246950,0.7
INV-H4-000512,0,,4873980,4873980,0.7
INV-H4-000513,0,,1561425,1561425,0.7
INV-H4-000514,0,,4107575,4107575,0.7
INV-H4-000515,0,,2782225,2782225,0.7
INV-H4-000516,0,,3061500,3061500,0.7
INV-H4-000518,0,,4478075,4478075,0.7
INV-H4-000519,0,,1958225,1958225,0.7
INV-H4-000520,0,,2382850,2382850,0.7
INV-H4-000521,0,,3804725,3804725,0.7
INV-H4-000522,0,,4733237,4733237,0.7
INV-H4-000523,0,,4206639,4206639,0.7
INV-H4-000524,0,,3601709,3601709,0.7
INV-H4-000525,0,,1219975,1219975,0.7
INV-H4-000526,0,,3121875,3121875,0.7
INV-H4-000527,0,,1093975,1093975,0.7
INV-H4-000528,1,bundle_rate_mismatch|contract_rate_mismatch|malformed_service_date|volume_discount_mismatch,4814880,4855400,0.99
INV-H4-000529,0,,3951350,3951350,0.7
INV-H4-000530,0,,1279875,1279875,0.7
INV-H4-000531,0,,3067035,3067035,0.7
INV-H4-000532,0,,4765600,4765600,0.7
INV-H4-000533,0,,2634137,2634137,0.7
INV-H4-000534,0,,3648900,3648900,0.7
INV-H4-000535,0,,1740400,1740400,0.7
INV-H4-000536,0,,4072209,4072209,0.7
INV-H4-000537,0,,3505975,3505975,0.7
INV-H4-000538,0,,4808825,4808825,0.7
INV-H4-000539,0,,2899642,2899642,0.7
INV-H4-000540,1,contract_number_mismatch|daily_cap_exceeded,2120125,2195250,0.99
INV-H4-000541,1,wrong_unit_basis,508925,508925,0.95
INV-H4-000542,0,,3515306,3515306,0.7
INV-H4-000543,0,,2661825,2661825,0.7
INV-H4-000544,0,,850425,850425,0.7
INV-H4-000545,0,,2188725,2188725,0.7
INV-H4-000546,0,,5170740,5170740,0.7
INV-H4-000547,0,,2848500,2848500,0.7
INV-H4-000548,0,,2150750,2150750,0.7
INV-H4-000549,0,,1314045,1314045,0.7
INV-H4-000550,0,,2718675,2718675,0.7
INV-H4-000551,0,,4726470,4726470,0.7
INV-H4-000552,0,,2613670,2613670,0.7
INV-H4-000553,0,,1389823,1389823,0.7
INV-H4-000554,1,daily_cap_exceeded|invoice_total_mismatch,3465160,3608010,0.99
INV-H4-000555,0,,3037600,3037600,0.7
INV-H4-000556,0,,2462025,2462025,0.7
INV-H4-000557,0,,885100,885100,0.7
INV-H4-000558,0,,780300,780300,0.7
INV-H4-000559,0,,2734650,2734650,0.7
INV-H4-000560,0,,1908715,1908715,0.7
INV-H4-000561,0,,2180950,2180950,0.7
INV-H4-000562,0,,3083459,3083459,0.7
INV-H4-000563,0,,2708470,2708470,0.7
INV-H4-000564,0,,7493231,7493231,0.7
INV-H4-000565,0,,2389019,2389019,0.7
INV-H4-000566,0,,1810875,1810875,0.7
INV-H4-000567,0,,4243042,4243042,0.7
INV-H4-000568,0,,3273649,3273649,0.7
INV-H4-000569,0,,1209815,1209815,0.7
INV-H4-000570,0,,2001370,2001370,0.7
INV-H4-000571,0,,3271200,3271200,0.7
INV-H4-000572,0,,3946500,3946500,0.7
INV-H4-000573,0,,2637500,2637500,0.7
INV-H4-000574,0,,2526375,2526375,0.7
INV-H4-000575,0,,3853715,3853715,0.7
INV-H4-000576,1,bundle_rate_mismatch|contract_rate_mismatch|daily_cap_exceeded|malformed_service_date,5777455,5976355,0.99
INV-H4-000577,0,,4553440,4553440,0.7
INV-H4-000578,0,,2235025,2235025,0.7
INV-H4-000579,0,,2424905,2424905,0.7
INV-H4-000580,0,,1117339,1117339,0.7
INV-H4-000581,1,contract_rate_mismatch|volume_discount_mismatch,2268205,2302975,0.95
INV-H4-000582,0,,4708705,4708705,0.7
INV-H4-000583,1,bundle_rate_mismatch|contract_rate_mismatch,819575,947375,0.95
INV-H4-000584,0,,1647943,1647943,0.7
INV-H4-000585,0,,1713400,1713400,0.7
INV-H4-000586,0,,444550,444550,0.7
INV-H4-000587,0,,2443681,2443681,0.7
INV-H4-000588,0,,1840275,1840275,0.7
INV-H4-000589,0,,3425185,3425185,0.7
INV-H4-000590,0,,3595040,3595040,0.7
INV-H4-000591,0,,1112500,1112500,0.7
INV-H4-000592,0,,4009573,4009573,0.7
INV-H4-000593,0,,3851318,3851318,0.7
INV-H4-000594,0,,1837253,1837253,0.7
INV-H4-000595,0,,2082855,2082855,0.7
INV-H4-000596,0,,2855821,2855821,0.7
INV-H4-000597,0,,2486830,2486830,0.7
INV-H4-000598,0,,4099350,4099350,0.7
INV-H4-000599,0,,2096500,2096500,0.7
INV-H4-000600,0,,3565575,3565575,0.7
INV-H4-000601,0,,3781810,3781810,0.7
INV-H4-000602,0,,2142825,2142825,0.7
INV-H4-000603,0,,3770800,3770800,0.7
INV-H4-000604,0,,1621650,1621650,0.7
INV-H4-000605,0,,3585475,3585475,0.7
INV-H4-000606,0,,1507055,1507055,0.7
INV-H4-000607,1,duplicate_invoice_id,1108400,1108400,0.99
INV-H4-000608,0,,1664239,1664239,0.7
INV-H4-000609,1,daily_cap_exceeded,4963775,5398250,0.95
INV-H4-000610,1,bundle_rate_mismatch|contract_rate_mismatch|line_total_arithmetic,4533825,4561975,0.99
INV-H4-000611,0,,3332930,3332930,0.7
INV-H4-000612,0,,2471840,2471840,0.7
INV-H4-000613,0,,2217730,2217730,0.7
INV-H4-000614,0,,4461675,4461675,0.7
INV-H4-000615,0,,4244409,4244409,0.7
INV-H4-000616,0,,3279536,3279536,0.7
INV-H4-000617,0,,2334775,2334775,0.7
INV-H4-000618,0,,3254675,3254675,0.7
INV-H4-000619,0,,3328475,3328475,0.7
INV-H4-000620,0,,1083025,1083025,0.7
INV-H4-000621,0,,1560911,1560911,0.7
INV-H4-000622,0,,1257650,1257650,0.7
INV-H4-000623,0,,884450,884450,0.7
INV-H4-000624,1,contract_rate_mismatch|premium_or_uplift_mismatch,2922222,2910328,0.95
INV-H4-000625,0,,1569900,1569900,0.7
INV-H4-000626,0,,3093825,3093825,0.7
INV-H4-000627,0,,969075,969075,0.7
INV-H4-000628,0,,3304380,3304380,0.7
INV-H4-000629,0,,2322425,2322425,0.7
INV-H4-000630,0,,3730150,3730150,0.7
INV-H4-000631,0,,562550,562550,0.7
INV-H4-000632,0,,1680900,1680900,0.7
INV-H4-000633,0,,1744140,1744140,0.7
INV-H4-000634,0,,1176432,1176432,0.7
INV-H4-000635,0,,2084625,2084625,0.7
INV-H4-000636,0,,4257325,4257325,0.7
INV-H4-000637,0,,1806775,1806775,0.7
INV-H4-000638,0,,2369312,2369312,0.7
INV-H4-000639,0,,1240762,1240762,0.7
INV-H4-000640,0,,2887285,2887285,0.7
INV-H4-000641,0,,2581878,2581878,0.7
INV-H4-000642,0,,1023125,1023125,0.7
INV-H4-000643,0,,3115925,3115925,0.7
INV-H4-000644,0,,4183193,4183193,0.7
INV-H4-000645,1,bundle_rate_mismatch|contract_rate_mismatch|premium_or_uplift_mismatch,2426707,2403195,0.95
INV-H4-000646,0,,3805850,3805850,0.7
INV-H4-000647,0,,2026415,2026415,0.7
INV-H4-000648,1,contract_rate_mismatch|volume_discount_mismatch|wrong_unit_basis,1764143,1874237,0.95
INV-H4-000649,0,,2106550,2106550,0.7
INV-H4-000650,0,,2116750,2116750,0.7
INV-H4-000651,0,,977050,977050,0.7
INV-H4-000652,0,,1492585,1492585,0.7
INV-H4-000653,0,,2666650,2666650,0.7
INV-H4-000654,0,,3748150,3748150,0.7
INV-H4-000655,0,,4162200,4162200,0.7
INV-H4-000656,0,,1691450,1691450,0.7
INV-H4-000657,0,,4346156,4346156,0.7
INV-H4-000658,1,contract_rate_mismatch|exclusion_window_violation|wrong_unit_basis,2957325,3976687,0.95
INV-H4-000659,0,,2713235,2713235,0.7
INV-H4-000660,0,,2015770,2015770,0.7
INV-H4-000661,0,,3400815,3400815,0.7
INV-H4-000662,0,,1487887,1487887,0.7
INV-H4-000663,0,,1160487,1160487,0.7
INV-H4-000664,0,,4715005,4715005,0.7
INV-H4-000665,1,bundle_rate_mismatch|contract_rate_mismatch|premium_or_uplift_mismatch,3801435,3833775,0.95
INV-H4-000666,0,,2705900,2705900,0.7
INV-H4-000667,0,,1037685,1037685,0.7
INV-H4-000668,0,,3767380,3767380,0.7
INV-H4-000669,0,,2036050,2036050,0.7
INV-H4-000670,0,,2221300,2221300,0.7
INV-H4-000671,0,,2843843,2843843,0.7
INV-H4-000672,0,,1800325,1800325,0.7
INV-H4-000673,0,,3223381,3223381,0.7
INV-H4-000674,0,,2906505,2906505,0.7
INV-H4-000675,0,,1600225,1600225,0.7
INV-H4-000676,0,,2990973,2990973,0.7
INV-H4-000677,0,,2040712,2040712,0.7
INV-H4-000678,1,malformed_service_date|service_date_after_invoice_date,3039017,3039017,0.99
INV-H4-000679,0,,3569404,3569404,0.7
INV-H4-000680,0,,3846725,3846725,0.7
INV-H4-000681,0,,2447300,2447300,0.7
INV-H4-000682,0,,2394425,2394425,0.7
INV-H4-000683,0,,3566465,3566465,0.7
INV-H4-000684,0,,2758763,2758763,0.7
INV-H4-000685,0,,888575,888575,0.7
INV-H4-000686,0,,993150,993150,0.7
INV-H4-000687,0,,2130175,2130175,0.7
INV-H4-000688,0,,2147980,2147980,0.7
INV-H4-000689,0,,311150,311150,0.7
INV-H4-000690,0,,2240395,2240395,0.7
INV-H4-000691,1,bundle_rate_mismatch|contract_rate_mismatch|service_date_after_invoice_date|wrong_unit_basis,4044490,4074340,0.99
INV-H4-000692,1,contract_rate_mismatch|premium_or_uplift_mismatch,862739,852437,0.95
INV-H4-000693,1,cross_invoice_duplicate|service_date_out_of_window,1713825,1856825,0.99
INV-H4-000694,0,,2726750,2726750,0.7
INV-H4-000695,0,,2497850,2497850,0.7
INV-H4-000696,0,,3217300,3217300,0.7
INV-H4-000697,0,,654798,654798,0.7
INV-H4-000698,0,,2551180,2551180,0.7
INV-H4-000699,0,,2322125,2322125,0.7
INV-H4-000700,1,malformed_service_date|unknown_service,1300625,1300625,0.99
INV-H4-000701,0,,3883275,3883275,0.7
INV-H4-000702,0,,3624763,3624763,0.7
INV-H4-000703,0,,1270725,1270725,0.7
INV-H4-000704,0,,2061525,2061525,0.7
INV-H4-000705,0,,3597659,3597659,0.7
INV-H4-000706,0,,3315425,3315425,0.7
INV-H4-000707,0,,3779025,3779025,0.7
INV-H4-000708,0,,1879075,1879075,0.7
INV-H4-000709,0,,4613225,4613225,0.7
INV-H4-000710,0,,508550,508550,0.7
INV-H4-000711,0,,4676031,4676031,0.7
INV-H4-000712,0,,2480463,2480463,0.7
INV-H4-000713,0,,2609056,2609056,0.7
INV-H4-000714,0,,1716180,1716180,0.7
INV-H4-000715,0,,3523710,3523710,0.7
INV-H4-000716,0,,2696280,2696280,0.7
INV-H4-000717,0,,475025,475025,0.7
INV-H4-000718,0,,1570300,1570300,0.7
INV-H4-000719,1,line_total_arithmetic,2371128,2370128,0.99
INV-H4-000720,0,,576907,576907,0.7
INV-H4-000721,0,,3096676,3096676,0.7
INV-H4-000722,0,,4852900,4852900,0.7
INV-H4-000723,0,,3752837,3752837,0.7
INV-H4-000724,1,bundle_rate_mismatch|contract_rate_mismatch|service_date_out_of_window|wrong_unit_basis,3027440,3060765,0.99
INV-H4-000725,0,,2760625,2760625,0.7
INV-H4-000726,0,,2226275,2226275,0.7
INV-H4-000727,0,,3550960,3550960,0.7
INV-H4-000728,0,,988325,988325,0.7
INV-H4-000729,0,,3571570,3571570,0.7
INV-H4-000730,0,,3828225,3828225,0.7
INV-H4-000731,0,,1739600,1739600,0.7
INV-H4-000732,0,,2127850,2127850,0.7
INV-H4-000733,0,,1170500,1170500,0.7
INV-H4-000734,0,,1957634,1957634,0.7
INV-H4-000735,0,,402050,402050,0.7
INV-H4-000736,0,,1610150,1610150,0.7
INV-H4-000737,0,,2255325,2255325,0.7
INV-H4-000738,0,,1984399,1984399,0.7
INV-H4-000739,0,,5045945,5045945,0.7
INV-H4-000740,0,,3097325,3097325,0.7
INV-H4-000741,0,,3319825,3319825,0.7
INV-H4-000742,0,,2724195,2724195,0.7
INV-H4-000743,0,,3407070,3407070,0.7
INV-H4-000744,0,,2601325,2601325,0.7
INV-H4-000745,0,,1792890,1792890,0.7
INV-H4-000746,0,,3566609,3566609,0.7
INV-H4-000747,0,,805650,805650,0.7
INV-H4-000748,0,,1131650,1131650,0.7
INV-H4-000749,0,,3224700,3224700,0.7
INV-H4-000750,0,,1496250,1496250,0.7
INV-H4-000751,0,,2840731,2840731,0.7
INV-H4-000752,0,,990930,990930,0.7
INV-H4-000753,0,,3517100,3517100,0.7
INV-H4-000754,0,,2006700,2006700,0.7
INV-H4-000755,0,,2406204,2406204,0.7
INV-H4-000756,0,,3326915,3326915,0.7
INV-H4-000757,0,,1616780,1616780,0.7
INV-H4-000758,0,,3047730,3047730,0.7
INV-H4-000759,0,,2824475,2824475,0.7
INV-H4-000760,0,,2061425,2061425,0.7
INV-H4-000761,0,,3057850,3057850,0.7
INV-H4-000762,0,,1098550,1098550,0.7
INV-H4-000763,0,,3228059,3228059,0.7
INV-H4-000764,0,,4144255,4144255,0.7
INV-H4-000765,0,,2605360,2605360,0.7
INV-H4-000766,0,,2817475,2817475,0.7
INV-H4-000767,0,,2274835,2274835,0.7
INV-H4-000768,0,,1314300,1314300,0.7
INV-H4-000769,0,,1986350,1986350,0.7
INV-H4-000770,0,,2739165,2739165,0.7
INV-H4-000771,0,,1482775,1482775,0.7
INV-H4-000772,0,,4537660,4537660,0.7
INV-H4-000773,0,,2910695,2910695,0.7
INV-H4-000774,0,,1531025,1531025,0.7
INV-H4-000775,0,,974850,974850,0.7
INV-H4-000776,0,,3020525,3020525,0.7
INV-H4-000777,1,contract_rate_mismatch|volume_discount_mismatch,5943356,5973150,0.95
INV-H4-000778,0,,1645675,1645675,0.7
INV-H4-000779,0,,2932852,2932852,0.7
INV-H4-000780,0,,2060075,2060075,0.7
INV-H4-000781,0,,5140475,5140475,0.7
INV-H4-000782,0,,3270350,3270350,0.7
INV-H4-000783,0,,1637150,1637150,0.7
INV-H4-000784,0,,5672100,5672100,0.7
INV-H4-000785,0,,1734650,1734650,0.7
INV-H4-000786,0,,3089870,3089870,0.7
INV-H4-000788,0,,1575550,1575550,0.7
INV-H4-000789,0,,4974786,4974786,0.7
INV-H4-000790,0,,1579048,1579048,0.7
INV-H4-000791,0,,4221708,4221708,0.7
INV-H4-000792,0,,2301500,2301500,0.7
INV-H4-000793,0,,2204775,2204775,0.7
INV-H4-000794,0,,785665,785665,0.7
INV-H4-000795,1,unknown_service,5008875,5008875,0.75
INV-H4-000796,0,,2077075,2077075,0.7
INV-H4-000797,0,,2429475,2429475,0.7
INV-H4-000798,0,,3689755,3689755,0.7
INV-H4-000799,0,,2573075,2573075,0.7
INV-H4-000800,0,,1103000,1103000,0.7
INV-H4-000801,0,,933981,933981,0.7
INV-H4-000802,0,,3248500,3248500,0.7
INV-H4-000803,0,,1133514,1133514,0.7
INV-H4-000804,0,,3283325,3283325,0.7
INV-H4-000805,0,,3568400,3568400,0.7
INV-H4-000806,0,,1996500,1996500,0.7
INV-H4-000807,0,,3458819,3458819,0.7
INV-H4-000808,0,,4322513,4322513,0.7
INV-H4-000809,0,,1522809,1522809,0.7
INV-H4-000810,0,,2774093,2774093,0.7
INV-H4-000811,0,,367825,367825,0.7
INV-H4-000812,0,,5447044,5447044,0.7
INV-H4-000813,0,,3503740,3503740,0.7
INV-H4-000814,0,,3118300,3118300,0.7
INV-H4-000815,0,,3135844,3135844,0.7
INV-H4-000816,0,,3280925,3280925,0.7
INV-H4-000817,0,,2182000,2182000,0.7
INV-H4-000818,0,,3531472,3531472,0.7
INV-H4-000819,0,,3072630,3072630,0.7
INV-H4-000820,0,,2766785,2766785,0.7
INV-H4-000821,0,,1685850,1685850,0.7
INV-H4-000822,0,,2784216,2784216,0.7
INV-H4-000823,0,,2781425,2781425,0.7
INV-H4-000824,0,,4084125,4084125,0.7
INV-H4-000825,0,,1076650,1076650,0.7
INV-H4-000826,0,,1664025,1664025,0.7
INV-H4-000827,0,,5327380,5327380,0.7
INV-H4-000828,0,,3552875,3552875,0.7
INV-H4-000829,0,,1610375,1610375,0.7
INV-H4-000830,0,,2539580,2539580,0.7
INV-H4-000831,0,,2170420,2170420,0.7
INV-H4-000832,0,,2143525,2143525,0.7
INV-H4-000833,0,,2619940,2619940,0.7
INV-H4-000834,0,,2226125,2226125,0.7
INV-H4-000835,0,,3111550,3111550,0.7
INV-H4-000836,0,,4279600,4279600,0.7
INV-H4-000837,0,,1498275,1498275,0.7
INV-H4-000838,0,,1373870,1373870,0.7
INV-H4-000840,0,,3187825,3187825,0.7
